Trade_ID,Date,Underlying,Direction,Strike,Lots,Total_Qty,Entry_Spot,Modeled_Entry_Premium,Modeled_Exit_Premium,Spot_Move_Pts,Gross_PnL,Brokerage,STT,Exchange_Levies_GST,Total_Charges,Net_PnL,Exit_Reason,Account_Balance,Peak_Balance,Drawdown_Pct
1,2021-10-11,NIFTY 50,CALL (CE),18000,1,50,17981.07,95.0,97.8,12.9,140.0,40.0,3.06,13.04,56.1,83.9,TARGET_1_HIT,30083.9,30083.9,0.0
2,2021-10-19,NIFTY 50,PUT (PE),18450,1,50,18445.99,95.0,105.68,27.24,534.0,40.0,3.3,13.27,56.57,477.43,TARGET_1_HIT,30561.33,30561.33,0.0
3,2021-10-20,NIFTY 50,PUT (PE),18300,1,50,18284.52,95.0,115.06,44.3,1003.0,40.0,3.6,13.55,57.15,945.85,TARGET_1_HIT,31507.18,31507.18,0.0
4,2021-10-21,NIFTY 50,PUT (PE),18150,1,50,18150.22,95.0,135.46,87.75,2023.0,40.0,4.23,14.15,58.38,1964.62,TARGET_1_HIT,33471.8,33471.8,0.0
5,2021-10-22,NIFTY 50,PUT (PE),18100,1,50,18119.12,95.0,64.21,-55.18,-1539.5,40.0,2.01,12.05,54.06,-1593.56,STOP_LOSS_HIT,31878.24,33471.8,4.76
6,2021-10-25,NIFTY 50,CALL (CE),18150,1,50,18158.8,95.0,64.85,-53.85,-1507.5,40.0,2.03,12.07,54.1,-1561.6,STOP_LOSS_HIT,30316.64,33471.8,9.43
7,2021-10-26,NIFTY 50,CALL (CE),18250,1,50,18246.99,95.0,102.48,21.41,374.0,40.0,3.2,13.18,56.38,317.62,TARGET_1_HIT,30634.26,33471.8,8.48
8,2021-10-27,NIFTY 50,PUT (PE),18200,1,50,18219.89,95.0,73.86,-35.09,-1057.0,40.0,2.31,12.33,54.64,-1111.64,STOP_LOSS_HIT,29522.62,33471.8,11.8
9,2021-10-28,NIFTY 50,PUT (PE),17900,1,50,17918.74,95.0,121.02,61.49,1301.0,40.0,3.78,13.72,57.5,1243.5,TARGET_1_HIT,30766.12,33471.8,8.08
10,2021-10-29,NIFTY 50,PUT (PE),17700,1,50,17704.95,95.0,62.13,-59.52,-1643.5,40.0,1.94,11.99,53.93,-1697.43,STOP_LOSS_HIT,29068.69,33471.8,13.15
11,2021-11-01,NIFTY 50,CALL (CE),17900,1,50,17876.43,95.0,66.3,-50.83,-1435.0,40.0,2.07,12.11,54.18,-1489.18,STOP_LOSS_HIT,27579.51,33471.8,17.6
12,2021-11-02,NIFTY 50,PUT (PE),17900,1,50,17896.64,95.0,74.72,-33.28,-1014.0,40.0,2.33,12.35,54.68,-1068.68,STOP_LOSS_HIT,26510.83,33471.8,20.8
13,2021-11-03,NIFTY 50,PUT (PE),17850,1,50,17827.5,95.0,94.67,7.21,-16.5,40.0,2.96,12.94,55.9,-72.4,TARGET_1_HIT,26438.43,33471.8,21.01
14,2021-11-08,NIFTY 50,CALL (CE),18000,1,50,18011.77,95.0,121.93,56.78,1346.5,40.0,3.81,13.75,57.56,1288.94,TARGET_1_HIT,27727.37,33471.8,17.16
15,2021-11-11,NIFTY 50,PUT (PE),17850,1,50,17849.88,95.0,86.27,-1.69,-436.5,40.0,2.7,12.7,55.4,-491.9,TARGET_1_HIT,27235.47,33471.8,18.63
16,2021-11-12,NIFTY 50,CALL (CE),18050,1,50,18057.7,95.0,115.48,45.05,1024.0,40.0,3.61,13.56,57.17,966.83,TARGET_1_HIT,28202.3,33471.8,15.74
17,2021-11-16,NIFTY 50,PUT (PE),18000,1,50,18010.69,95.0,101.28,19.24,314.0,40.0,3.17,13.14,56.31,257.69,TARGET_1_HIT,28459.99,33471.8,14.97
18,2021-11-18,NIFTY 50,PUT (PE),17750,1,50,17766.2,95.0,87.97,1.4,-351.5,40.0,2.75,12.74,55.49,-406.99,TARGET_1_HIT,28053.0,33471.8,16.19
19,2021-11-22,NIFTY 50,PUT (PE),17450,1,50,17441.14,95.0,104.22,24.59,461.0,40.0,3.26,13.23,56.49,404.51,TARGET_1_HIT,28457.51,33471.8,14.98
20,2021-11-23,NIFTY 50,CALL (CE),17450,1,50,17451.04,95.0,58.95,-66.14,-1802.5,40.0,1.84,11.89,53.73,-1856.23,STOP_LOSS_HIT,26601.28,33471.8,20.53
21,2021-11-24,NIFTY 50,PUT (PE),17450,1,50,17428.45,95.0,67.25,-48.85,-1387.5,40.0,2.1,12.14,54.24,-1441.74,STOP_LOSS_HIT,25159.54,33471.8,24.83
22,2021-11-25,NIFTY 50,CALL (CE),17500,1,50,17500.43,95.0,119.47,58.67,1223.5,40.0,3.73,13.68,57.41,1166.09,TARGET_1_HIT,26325.63,33471.8,21.35
23,2021-11-26,NIFTY 50,PUT (PE),17100,1,50,17098.31,95.0,130.22,71.86,1761.0,40.0,4.07,13.99,58.06,1702.94,TARGET_1_HIT,28028.57,33471.8,16.26
24,2021-11-29,NIFTY 50,CALL (CE),17050,1,50,17045.43,95.0,55.24,-73.88,-1988.0,40.0,1.73,11.79,53.52,-2041.52,STOP_LOSS_HIT,25987.05,33471.8,22.36
25,2021-11-30,NIFTY 50,PUT (PE),17050,1,50,17051.31,95.0,53.88,-76.72,-2056.0,40.0,1.68,11.74,53.42,-2109.42,STOP_LOSS_HIT,23877.63,33471.8,28.66
26,2021-12-01,NIFTY 50,CALL (CE),17150,1,50,17168.92,95.0,76.17,-30.27,-941.5,40.0,2.38,12.4,54.78,-996.28,STOP_LOSS_HIT,22881.35,33471.8,31.64
27,2021-12-02,NIFTY 50,CALL (CE),17350,1,50,17338.32,95.0,122.03,63.33,1351.5,40.0,3.81,13.76,57.57,1293.93,TARGET_1_HIT,24175.28,33471.8,27.77
28,2021-12-03,NIFTY 50,PUT (PE),17250,1,50,17274.59,95.0,133.54,77.89,1927.0,40.0,4.17,14.09,58.26,1868.74,TARGET_1_HIT,26044.02,33471.8,22.19
29,2021-12-06,NIFTY 50,PUT (PE),17000,1,50,16990.46,95.0,133.72,78.21,1936.0,40.0,4.18,14.1,58.28,1877.72,TARGET_1_HIT,27921.74,33471.8,16.58
30,2021-12-07,NIFTY 50,CALL (CE),17150,1,50,17171.84,95.0,65.67,-52.14,-1466.5,40.0,2.05,12.09,54.14,-1520.64,STOP_LOSS_HIT,26401.1,33471.8,21.12
31,2021-12-08,NIFTY 50,CALL (CE),17450,1,50,17432.15,95.0,111.38,37.6,819.0,40.0,3.48,13.44,56.92,762.08,TARGET_1_HIT,27163.18,33471.8,18.85
32,2021-12-09,NIFTY 50,CALL (CE),17500,1,50,17494.52,95.0,108.5,38.73,675.0,40.0,3.39,13.36,56.75,618.25,TARGET_1_HIT,27781.43,33471.8,17.0
33,2021-12-13,NIFTY 50,PUT (PE),17450,1,50,17441.85,95.0,131.18,73.6,1809.0,40.0,4.1,14.02,58.12,1750.88,TARGET_1_HIT,29532.31,33471.8,11.77
34,2021-12-14,NIFTY 50,CALL (CE),17350,1,50,17331.58,95.0,76.02,-30.58,-949.0,40.0,2.38,12.4,54.78,-1003.78,STOP_LOSS_HIT,28528.53,33471.8,14.77
35,2021-12-15,NIFTY 50,PUT (PE),17250,1,50,17239.49,95.0,75.24,-32.21,-988.0,40.0,2.35,12.38,54.73,-1042.73,STOP_LOSS_HIT,27485.8,33471.8,17.88
36,2021-12-16,NIFTY 50,PUT (PE),17250,1,50,17243.21,95.0,68.51,-38.94,-1324.5,40.0,2.14,12.18,54.32,-1378.82,STOP_LOSS_HIT,26106.98,33471.8,22.0
37,2021-12-17,NIFTY 50,PUT (PE),17050,1,50,17067.28,95.0,135.84,82.08,2042.0,40.0,4.25,14.16,58.41,1983.59,TARGET_1_HIT,28090.57,33471.8,16.08
38,2021-12-20,NIFTY 50,PUT (PE),16550,1,50,16541.47,95.0,50.7,-72.73,-2215.0,40.0,1.58,11.65,53.23,-2268.23,TARGET_1_HIT,25822.34,33471.8,22.85
39,2021-12-21,NIFTY 50,PUT (PE),16750,1,50,16763.18,95.0,67.11,-49.15,-1394.5,40.0,2.1,12.13,54.23,-1448.73,STOP_LOSS_HIT,24373.61,33471.8,27.18
40,2021-12-22,NIFTY 50,CALL (CE),16950,1,50,16926.03,95.0,75.93,-30.78,-953.5,40.0,2.37,12.39,54.76,-1008.26,STOP_LOSS_HIT,23365.35,33471.8,30.19
41,2021-12-24,NIFTY 50,PUT (PE),17000,1,50,16983.86,95.0,100.62,18.03,281.0,40.0,3.14,13.12,56.26,224.74,TARGET_1_HIT,23590.09,33471.8,29.52
42,2021-12-27,NIFTY 50,CALL (CE),17050,1,50,17027.61,95.0,64.31,-54.99,-1534.5,40.0,2.01,12.05,54.06,-1588.56,STOP_LOSS_HIT,22001.53,33471.8,34.27
43,2021-12-31,NIFTY 50,CALL (CE),17350,1,50,17352.49,95.0,91.56,1.56,-172.0,40.0,2.86,12.85,55.71,-227.71,TARGET_1_HIT,21773.82,33471.8,34.95
44,2022-01-03,NIFTY 50,CALL (CE),17550,1,50,17567.01,95.0,122.98,58.69,1399.0,40.0,3.84,13.78,57.62,1341.38,TARGET_1_HIT,23115.2,33471.8,30.94
45,2022-01-04,NIFTY 50,CALL (CE),17750,1,50,17757.04,95.0,122.7,58.19,1385.0,40.0,3.83,13.77,57.6,1327.4,TARGET_1_HIT,24442.6,33471.8,26.98
46,2022-01-05,NIFTY 50,CALL (CE),17900,1,50,17885.99,95.0,112.29,39.26,864.5,40.0,3.51,13.46,56.97,807.53,TARGET_1_HIT,25250.13,33471.8,24.56
47,2022-01-07,NIFTY 50,CALL (CE),17850,1,50,17844.86,95.0,107.57,30.67,628.5,40.0,3.36,13.32,56.68,571.82,TARGET_1_HIT,25821.95,33471.8,22.85
48,2022-01-14,NIFTY 50,CALL (CE),18250,1,50,18237.09,95.0,74.48,-33.79,-1026.0,40.0,2.33,12.35,54.68,-1080.68,STOP_LOSS_HIT,24741.27,33471.8,26.08
49,2022-01-18,NIFTY 50,PUT (PE),18150,1,50,18166.07,95.0,119.86,53.02,1243.0,40.0,3.75,13.69,57.44,1185.56,TARGET_1_HIT,25926.83,33471.8,22.54
50,2022-01-19,NIFTY 50,PUT (PE),17950,1,50,17958.63,95.0,112.91,40.38,895.5,40.0,3.53,13.49,57.02,838.48,TARGET_1_HIT,26765.31,33471.8,20.04
51,2022-01-20,NIFTY 50,PUT (PE),17750,1,50,17737.98,95.0,86.16,-1.89,-442.0,40.0,2.69,12.7,55.39,-497.39,TARGET_1_HIT,26267.92,33471.8,21.52
52,2022-01-21,NIFTY 50,CALL (CE),17650,1,50,17640.86,95.0,69.52,-44.14,-1274.0,40.0,2.17,12.2,54.37,-1328.37,STOP_LOSS_HIT,24939.55,33471.8,25.49
53,2022-01-24,NIFTY 50,PUT (PE),17200,1,50,17182.33,95.0,108.98,33.23,699.0,40.0,3.41,13.37,56.78,642.22,TARGET_1_HIT,25581.77,33471.8,23.57
54,2022-01-25,NIFTY 50,CALL (CE),17150,1,50,17164.72,95.0,46.66,-91.74,-2417.0,40.0,1.46,11.53,52.99,-2469.99,STOP_LOSS_HIT,23111.78,33471.8,30.95
55,2022-01-27,NIFTY 50,CALL (CE),17100,1,50,17086.62,95.0,57.44,-61.99,-1878.0,40.0,1.79,11.85,53.64,-1931.64,STOP_LOSS_HIT,21180.14,33471.8,36.72
56,2022-01-28,NIFTY 50,PUT (PE),17150,1,50,17166.98,95.0,62.71,-58.32,-1614.5,40.0,1.96,12.0,53.96,-1668.46,STOP_LOSS_HIT,19511.68,33471.8,41.71
57,2022-02-01,NIFTY 50,CALL (CE),17500,1,50,17507.27,95.0,128.97,69.58,1698.5,40.0,4.03,13.96,57.99,1640.51,TARGET_1_HIT,21152.19,33471.8,36.81
58,2022-02-03,NIFTY 50,PUT (PE),17600,1,50,17592.85,95.0,105.16,32.65,508.0,40.0,3.29,13.25,56.54,451.46,TARGET_1_HIT,21603.65,33471.8,35.46
59,2022-02-04,NIFTY 50,PUT (PE),17500,1,50,17508.68,95.0,75.58,-31.5,-971.0,40.0,2.36,12.38,54.74,-1025.74,STOP_LOSS_HIT,20577.91,33471.8,38.52
60,2022-02-07,NIFTY 50,PUT (PE),17250,1,50,17246.78,95.0,108.95,33.18,697.5,40.0,3.4,13.37,56.77,640.73,TARGET_1_HIT,21218.64,33471.8,36.61
61,2022-02-08,NIFTY 50,CALL (CE),17250,1,50,17226.98,95.0,65.77,-51.93,-1461.5,40.0,2.06,12.09,54.15,-1515.65,STOP_LOSS_HIT,19702.99,33471.8,41.14
62,2022-02-10,NIFTY 50,CALL (CE),17600,1,50,17575.64,95.0,103.82,30.21,441.0,40.0,3.24,13.21,56.45,384.55,TARGET_1_HIT,20087.54,33471.8,39.99
63,2022-02-11,NIFTY 50,PUT (PE),17350,1,50,17348.04,95.0,92.27,2.86,-136.5,40.0,2.88,12.87,55.75,-192.25,TARGET_1_HIT,19895.29,33471.8,40.56
64,2022-02-14,NIFTY 50,PUT (PE),16900,1,50,16897.5,95.0,120.78,54.7,1289.0,40.0,3.77,13.71,57.48,1231.52,TARGET_1_HIT,21126.81,33471.8,36.88
65,2022-02-15,NIFTY 50,CALL (CE),17200,1,50,17210.92,95.0,168.54,141.53,3677.0,40.0,5.27,15.13,60.4,3616.6,TARGET_1_HIT,24743.41,33471.8,26.08
66,2022-02-16,NIFTY 50,PUT (PE),17350,1,50,17327.9,95.0,68.5,-46.25,-1325.0,40.0,2.14,12.18,54.32,-1379.32,STOP_LOSS_HIT,23364.09,33471.8,30.2
67,2022-02-17,NIFTY 50,PUT (PE),17300,1,50,17298.04,95.0,67.36,-41.33,-1382.0,40.0,2.1,12.14,54.24,-1436.24,STOP_LOSS_HIT,21927.85,33471.8,34.49
68,2022-02-18,NIFTY 50,PUT (PE),17250,1,50,17267.3,95.0,75.0,-32.7,-1000.0,40.0,2.34,12.36,54.7,-1054.7,STOP_LOSS_HIT,20873.15,33471.8,37.64
69,2022-02-21,NIFTY 50,PUT (PE),17150,1,50,17155.61,95.0,104.51,25.11,475.5,40.0,3.27,13.24,56.51,418.99,TARGET_1_HIT,21292.14,33471.8,36.39
70,2022-02-22,NIFTY 50,CALL (CE),17050,1,50,17056.08,95.0,61.95,-59.9,-1652.5,40.0,1.94,11.98,53.92,-1706.42,STOP_LOSS_HIT,19585.72,33471.8,41.49
71,2022-02-23,NIFTY 50,PUT (PE),17100,1,50,17085.63,95.0,72.15,-38.64,-1142.5,40.0,2.25,12.28,54.53,-1197.03,STOP_LOSS_HIT,18388.69,33471.8,45.06
72,2022-02-24,NIFTY 50,PUT (PE),16350,1,50,16356.87,95.0,147.11,108.92,2605.5,40.0,4.6,14.49,59.09,2546.41,TARGET_1_HIT,20935.1,33471.8,37.45
73,2022-02-25,NIFTY 50,CALL (CE),16650,1,50,16666.95,95.0,65.07,-53.4,-1496.5,40.0,2.03,12.07,54.1,-1550.6,STOP_LOSS_HIT,19384.5,33471.8,42.09
74,2022-02-28,NIFTY 50,CALL (CE),16700,1,50,16675.42,95.0,155.86,118.48,3043.0,40.0,4.87,14.75,59.62,2983.38,TARGET_1_HIT,22367.88,33471.8,33.17
75,2022-03-02,NIFTY 50,CALL (CE),16600,1,50,16618.55,95.0,71.51,-39.97,-1174.5,40.0,2.23,12.26,54.49,-1228.99,STOP_LOSS_HIT,21138.89,33471.8,36.85
76,2022-03-03,NIFTY 50,PUT (PE),16550,1,50,16542.01,95.0,112.01,45.11,850.5,40.0,3.5,13.46,56.96,793.54,TARGET_1_HIT,21932.43,33471.8,34.47
77,2022-03-04,NIFTY 50,PUT (PE),16250,1,50,16231.68,95.0,83.94,-12.3,-553.0,40.0,2.62,12.63,55.25,-608.25,TARGET_1_HIT,21324.18,33471.8,36.29
78,2022-03-07,NIFTY 50,CALL (CE),15850,1,50,15874.32,95.0,68.48,-46.3,-1326.0,40.0,2.14,12.18,54.32,-1380.32,STOP_LOSS_HIT,19943.86,33471.8,40.42
79,2022-03-08,NIFTY 50,CALL (CE),15900,1,50,15919.99,95.0,142.1,93.46,2355.0,40.0,4.44,14.35,58.79,2296.21,TARGET_1_HIT,22240.07,33471.8,33.56
80,2022-03-09,NIFTY 50,CALL (CE),16300,1,50,16287.36,95.0,122.59,57.99,1379.5,40.0,3.83,13.77,57.6,1321.9,TARGET_1_HIT,23561.97,33471.8,29.61
81,2022-03-10,NIFTY 50,PUT (PE),16550,1,50,16541.81,95.0,58.02,-60.79,-1849.0,40.0,1.81,11.87,53.68,-1902.68,STOP_LOSS_HIT,21659.29,33471.8,35.29
82,2022-03-11,NIFTY 50,CALL (CE),16650,1,50,16627.12,95.0,69.35,-44.47,-1282.5,40.0,2.17,12.2,54.37,-1336.87,STOP_LOSS_HIT,20322.42,33471.8,39.28
83,2022-03-14,NIFTY 50,CALL (CE),16800,1,50,16802.7,95.0,128.43,68.6,1671.5,40.0,4.01,13.95,57.96,1613.54,TARGET_1_HIT,21935.96,33471.8,34.46
84,2022-03-15,NIFTY 50,PUT (PE),16650,1,50,16668.55,95.0,55.74,-72.83,-1963.0,40.0,1.74,11.8,53.54,-2016.54,STOP_LOSS_HIT,19919.42,33471.8,40.49
85,2022-03-16,NIFTY 50,CALL (CE),16950,1,50,16943.38,95.0,76.06,-30.51,-947.0,40.0,2.38,12.4,54.78,-1001.78,STOP_LOSS_HIT,18917.64,33471.8,43.48
86,2022-03-17,NIFTY 50,CALL (CE),17300,1,50,17294.26,95.0,83.23,-7.21,-588.5,40.0,2.6,12.61,55.21,-643.71,TARGET_1_HIT,18273.93,33471.8,45.4
87,2022-03-21,NIFTY 50,PUT (PE),17150,1,50,17174.05,95.0,131.27,73.77,1813.5,40.0,4.1,14.03,58.13,1755.37,TARGET_1_HIT,20029.3,33471.8,40.16
88,2022-03-22,NIFTY 50,CALL (CE),17250,1,50,17234.69,95.0,135.15,80.81,2007.5,40.0,4.22,14.14,58.36,1949.14,TARGET_1_HIT,21978.44,33471.8,34.34
89,2022-03-23,NIFTY 50,PUT (PE),17250,1,50,17272.87,95.0,67.6,-48.13,-1370.0,40.0,2.11,12.14,54.25,-1424.25,STOP_LOSS_HIT,20554.19,33471.8,38.59
90,2022-03-24,NIFTY 50,CALL (CE),17250,1,50,17231.56,95.0,67.95,-40.11,-1352.5,40.0,2.12,12.15,54.27,-1406.77,STOP_LOSS_HIT,19147.42,33471.8,42.8
91,2022-03-25,NIFTY 50,PUT (PE),17150,1,50,17142.24,95.0,107.33,30.23,616.5,40.0,3.35,13.32,56.67,559.83,TARGET_1_HIT,19707.25,33471.8,41.12
92,2022-03-28,NIFTY 50,CALL (CE),17150,1,50,17165.43,95.0,68.65,-45.93,-1317.5,40.0,2.15,12.18,54.33,-1371.83,STOP_LOSS_HIT,18335.42,33471.8,45.22
93,2022-04-01,NIFTY 50,CALL (CE),17600,1,50,17618.59,95.0,119.22,51.86,1211.0,40.0,3.73,13.67,57.4,1153.6,TARGET_1_HIT,19489.02,33471.8,41.77
94,2022-04-04,NIFTY 50,CALL (CE),18000,1,50,18016.44,95.0,111.03,36.96,801.5,40.0,3.47,13.43,56.9,744.6,TARGET_1_HIT,20233.62,33471.8,39.55
95,2022-04-05,NIFTY 50,PUT (PE),17950,1,50,17973.46,95.0,73.88,-35.04,-1056.0,40.0,2.31,12.33,54.64,-1110.64,STOP_LOSS_HIT,19122.98,33471.8,42.87
96,2022-04-07,NIFTY 50,PUT (PE),17650,1,50,17672.48,95.0,105.31,32.93,515.5,40.0,3.29,13.26,56.55,458.95,TARGET_1_HIT,19581.93,33471.8,41.5
97,2022-04-08,NIFTY 50,CALL (CE),17750,1,50,17769.67,95.0,67.65,-48.02,-1367.5,40.0,2.11,12.15,54.26,-1421.76,STOP_LOSS_HIT,18160.17,33471.8,45.74
98,2022-04-12,NIFTY 50,CALL (CE),17550,1,50,17549.89,95.0,75.79,-31.06,-960.5,40.0,2.37,12.39,54.76,-1015.26,STOP_LOSS_HIT,17144.91,33471.8,48.78
99,2022-04-13,NIFTY 50,PUT (PE),17500,1,50,17519.34,95.0,70.93,-41.19,-1203.5,40.0,2.22,12.25,54.47,-1257.97,STOP_LOSS_HIT,15886.94,33471.8,52.54
100,2022-04-18,NIFTY 50,CALL (CE),17200,1,50,17187.08,95.0,74.25,-34.28,-1037.5,40.0,2.32,12.34,54.66,-1092.16,STOP_LOSS_HIT,14794.78,33471.8,55.8
101,2022-04-19,NIFTY 50,PUT (PE),16950,1,50,16962.49,95.0,92.81,3.84,-109.5,40.0,2.9,12.9,55.8,-165.3,TARGET_1_HIT,14629.48,33471.8,56.29
102,2022-04-20,NIFTY 50,CALL (CE),17100,1,50,17124.44,95.0,70.77,-41.52,-1211.5,40.0,2.21,12.24,54.45,-1265.95,STOP_LOSS_HIT,13363.53,33471.8,60.08
103,2022-04-21,NIFTY 50,CALL (CE),17350,1,50,17354.95,95.0,107.91,37.65,645.5,40.0,3.37,13.33,56.7,588.8,TARGET_1_HIT,13952.33,33471.8,58.32
104,2022-04-22,NIFTY 50,PUT (PE),17200,1,50,17198.69,95.0,74.59,-33.56,-1020.5,40.0,2.33,12.35,54.68,-1075.18,STOP_LOSS_HIT,12877.15,33471.8,61.53
105,2022-04-25,NIFTY 50,PUT (PE),16950,1,50,16938.04,95.0,81.95,-15.91,-652.5,40.0,2.56,12.57,55.13,-707.63,TARGET_1_HIT,12169.52,33471.8,63.64
106,2022-04-26,NIFTY 50,CALL (CE),17200,1,50,17176.44,95.0,104.1,24.36,455.0,40.0,3.25,13.23,56.48,398.52,TARGET_1_HIT,12568.04,33471.8,62.45
107,2022-04-27,NIFTY 50,CALL (CE),17050,1,50,17065.5,95.0,75.86,-30.93,-957.0,40.0,2.37,12.39,54.76,-1011.76,STOP_LOSS_HIT,11556.28,33471.8,65.47
108,2022-04-28,NIFTY 50,CALL (CE),17250,1,50,17246.55,95.0,86.38,-1.5,-431.0,40.0,2.7,12.7,55.4,-486.4,TARGET_1_HIT,11069.88,33471.8,66.93
109,2022-04-29,NIFTY 50,PUT (PE),17150,1,50,17151.81,95.0,117.79,49.26,1139.5,40.0,3.68,13.63,57.31,1082.19,TARGET_1_HIT,12152.07,33471.8,63.69
110,2022-05-02,NIFTY 50,CALL (CE),17050,1,50,17040.0,95.0,73.78,-35.25,-1061.0,40.0,2.31,12.33,54.64,-1115.64,STOP_LOSS_HIT,11036.43,33471.8,67.03
111,2022-05-04,NIFTY 50,PUT (PE),16800,1,50,16779.71,95.0,146.86,102.11,2593.0,40.0,4.59,14.49,59.08,2533.92,TARGET_1_HIT,13570.35,33471.8,59.46
112,2022-05-05,NIFTY 50,PUT (PE),16750,1,50,16740.94,95.0,59.44,-57.83,-1778.0,40.0,1.86,11.9,53.76,-1831.76,STOP_LOSS_HIT,11738.59,33471.8,64.93
113,2022-05-06,NIFTY 50,PUT (PE),16400,1,50,16383.32,95.0,75.34,-27.93,-983.0,40.0,2.35,12.38,54.73,-1037.73,TARGET_1_HIT,10700.86,33471.8,68.03
114,2022-05-09,NIFTY 50,CALL (CE),16300,1,50,16324.6,95.0,65.88,-51.7,-1456.0,40.0,2.06,12.09,54.15,-1510.15,STOP_LOSS_HIT,9190.71,33471.8,72.54
115,2022-05-10,NIFTY 50,PUT (PE),16250,1,50,16259.55,95.0,70.84,-41.38,-1208.0,40.0,2.21,12.25,54.46,-1262.46,STOP_LOSS_HIT,7928.25,33471.8,76.31
116,2022-05-11,NIFTY 50,CALL (CE),16200,1,50,16219.64,95.0,60.0,-63.97,-1750.0,40.0,1.88,11.92,53.8,-1803.8,STOP_LOSS_HIT,6124.45,33471.8,81.7
117,2022-05-12,NIFTY 50,PUT (PE),15850,1,50,15828.67,95.0,98.57,20.67,178.5,40.0,3.08,13.06,56.14,122.36,TARGET_1_HIT,6246.81,33471.8,81.34
118,2022-05-13,NIFTY 50,PUT (PE),15850,1,50,15845.1,95.0,58.48,-67.12,-1826.0,40.0,1.83,11.88,53.71,-1879.71,STOP_LOSS_HIT,4367.1,33471.8,86.95
119,2022-05-16,NIFTY 50,PUT (PE),15800,1,50,15811.52,95.0,68.01,-47.28,-1349.5,40.0,2.13,12.16,54.29,-1403.79,STOP_LOSS_HIT,2963.31,33471.8,91.15
120,2022-05-17,NIFTY 50,CALL (CE),16150,1,50,16167.38,95.0,141.26,91.92,2313.0,40.0,4.41,14.32,58.73,2254.27,TARGET_1_HIT,5217.58,33471.8,84.41
121,2022-05-18,NIFTY 50,PUT (PE),16250,1,50,16267.67,95.0,72.54,-37.83,-1123.0,40.0,2.27,12.29,54.56,-1177.56,STOP_LOSS_HIT,4040.02,33471.8,87.93
122,2022-05-19,NIFTY 50,PUT (PE),15850,1,50,15838.16,95.0,103.02,28.76,401.0,40.0,3.22,13.19,56.41,344.59,TARGET_1_HIT,4384.61,33471.8,86.9
123,2022-05-20,NIFTY 50,CALL (CE),16200,1,50,16198.5,95.0,127.91,67.65,1645.5,40.0,4.0,13.92,57.92,1587.58,TARGET_1_HIT,5972.19,33471.8,82.16
124,2022-05-23,NIFTY 50,PUT (PE),16250,1,50,16254.72,95.0,68.86,-45.5,-1307.0,40.0,2.15,12.19,54.34,-1361.34,STOP_LOSS_HIT,4610.85,33471.8,86.22
125,2022-05-24,NIFTY 50,PUT (PE),16150,1,50,16133.7,95.0,95.4,8.55,20.0,40.0,2.98,12.97,55.95,-35.95,TARGET_1_HIT,4574.9,33471.8,86.33
126,2022-05-25,NIFTY 50,PUT (PE),16050,1,50,16072.03,95.0,116.13,46.23,1056.5,40.0,3.63,13.58,57.21,999.29,TARGET_1_HIT,5574.19,33471.8,83.35
127,2022-05-26,NIFTY 50,CALL (CE),16100,1,50,16113.22,95.0,118.51,56.93,1175.5,40.0,3.7,13.65,57.35,1118.15,TARGET_1_HIT,6692.34,33471.8,80.01
128,2022-05-27,NIFTY 50,CALL (CE),16350,1,50,16326.52,95.0,76.18,-30.25,-941.0,40.0,2.38,12.4,54.78,-995.78,STOP_LOSS_HIT,5696.56,33471.8,82.98
129,2022-05-30,NIFTY 50,CALL (CE),16650,1,50,16638.8,95.0,103.13,22.6,406.5,40.0,3.22,13.19,56.41,350.09,TARGET_1_HIT,6046.65,33471.8,81.94
130,2022-05-31,NIFTY 50,PUT (PE),16550,1,50,16572.24,95.0,104.84,25.7,492.0,40.0,3.28,13.25,56.53,435.47,TARGET_1_HIT,6482.12,33471.8,80.63
131,2022-06-01,NIFTY 50,PUT (PE),16500,1,50,16502.06,95.0,70.56,-41.96,-1222.0,40.0,2.21,12.24,54.45,-1276.45,STOP_LOSS_HIT,5205.67,33471.8,84.45
132,2022-06-02,NIFTY 50,CALL (CE),16600,1,50,16585.36,95.0,114.51,49.65,975.5,40.0,3.58,13.53,57.11,918.39,TARGET_1_HIT,6124.06,33471.8,81.7
133,2022-06-03,NIFTY 50,PUT (PE),16650,1,50,16635.94,95.0,69.13,-44.94,-1293.5,40.0,2.16,12.19,54.35,-1347.85,STOP_LOSS_HIT,4776.21,33471.8,85.73
134,2022-06-06,NIFTY 50,CALL (CE),16550,1,50,16561.37,95.0,74.56,-33.62,-1022.0,40.0,2.33,12.35,54.68,-1076.68,STOP_LOSS_HIT,3699.53,33471.8,88.95
135,2022-06-07,NIFTY 50,PUT (PE),16400,1,50,16388.55,95.0,98.0,13.27,150.0,40.0,3.06,13.05,56.11,93.89,TARGET_1_HIT,3793.42,33471.8,88.67
136,2022-06-08,NIFTY 50,PUT (PE),16350,1,50,16359.84,95.0,98.01,13.29,150.5,40.0,3.06,13.05,56.11,94.39,TARGET_1_HIT,3887.81,33471.8,88.38
137,2022-06-09,NIFTY 50,CALL (CE),16400,1,50,16417.63,95.0,122.93,64.96,1396.5,40.0,3.84,13.78,57.62,1338.88,TARGET_1_HIT,5226.69,33471.8,84.38
138,2022-06-10,NIFTY 50,PUT (PE),16200,1,50,16217.75,95.0,75.87,-30.9,-956.5,40.0,2.37,12.39,54.76,-1011.26,STOP_LOSS_HIT,4215.43,33471.8,87.41
139,2022-06-13,NIFTY 50,PUT (PE),15750,1,50,15744.67,95.0,74.35,-29.73,-1032.5,40.0,2.32,12.34,54.66,-1087.16,TARGET_1_HIT,3128.27,33471.8,90.65
140,2022-06-14,NIFTY 50,PUT (PE),15700,1,50,15719.0,95.0,113.86,42.11,943.0,40.0,3.56,13.51,57.07,885.93,TARGET_1_HIT,4014.2,33471.8,88.01
141,2022-06-16,NIFTY 50,PUT (PE),15500,1,50,15496.8,95.0,162.11,136.2,3355.5,40.0,5.07,14.94,60.01,3295.49,TARGET_1_HIT,7309.69,33471.8,78.16
142,2022-06-17,NIFTY 50,CALL (CE),15350,1,50,15335.13,95.0,69.95,-43.23,-1252.5,40.0,2.19,12.21,54.4,-1306.9,STOP_LOSS_HIT,6002.79,33471.8,82.07
143,2022-06-20,NIFTY 50,CALL (CE),15350,1,50,15325.17,95.0,72.28,-38.37,-1136.0,40.0,2.26,12.28,54.54,-1190.54,STOP_LOSS_HIT,4812.25,33471.8,85.62
144,2022-06-21,NIFTY 50,CALL (CE),15600,1,50,15620.16,95.0,100.95,18.64,297.5,40.0,3.15,13.13,56.28,241.22,TARGET_1_HIT,5053.47,33471.8,84.9
145,2022-06-22,NIFTY 50,PUT (PE),15450,1,50,15439.58,95.0,73.37,-36.1,-1081.5,40.0,2.29,12.32,54.61,-1136.11,STOP_LOSS_HIT,3917.36,33471.8,88.3
146,2022-06-23,NIFTY 50,CALL (CE),15550,1,50,15549.56,95.0,62.44,-51.58,-1628.0,40.0,1.95,12.0,53.95,-1681.95,STOP_LOSS_HIT,2235.41,33471.8,93.32
147,2022-06-28,NIFTY 50,CALL (CE),15850,1,50,15837.7,95.0,73.14,-36.58,-1093.0,40.0,2.29,12.31,54.6,-1147.6,STOP_LOSS_HIT,1087.81,33471.8,96.75
148,2022-06-29,NIFTY 50,CALL (CE),15800,1,50,15809.72,95.0,73.89,-35.02,-1055.5,40.0,2.31,12.33,54.64,-1110.14,STOP_LOSS_HIT,-22.33,33471.8,100.07
149,2022-06-30,NIFTY 50,PUT (PE),15800,1,50,15776.81,95.0,71.54,-32.61,-1173.0,40.0,2.24,12.26,54.5,-1227.5,STOP_LOSS_HIT,-1249.83,33471.8,103.73
150,2022-07-01,NIFTY 50,CALL (CE),15700,1,50,15708.25,95.0,63.94,-55.75,-1553.0,40.0,2.0,12.04,54.04,-1607.04,STOP_LOSS_HIT,-2856.87,33471.8,108.54
151,2022-07-04,NIFTY 50,CALL (CE),15800,1,50,15795.28,95.0,72.36,-38.21,-1132.0,40.0,2.26,12.28,54.54,-1186.54,STOP_LOSS_HIT,-4043.41,33471.8,112.08
152,2022-07-05,NIFTY 50,PUT (PE),15850,1,50,15857.94,95.0,67.82,-47.66,-1359.0,40.0,2.12,12.15,54.27,-1413.27,STOP_LOSS_HIT,-5456.68,33471.8,116.3
153,2022-07-06,NIFTY 50,CALL (CE),15950,1,50,15948.11,95.0,113.63,41.69,931.5,40.0,3.55,13.51,57.06,874.44,TARGET_1_HIT,-4582.24,33471.8,113.69
154,2022-07-13,NIFTY 50,PUT (PE),16000,1,50,16007.0,95.0,112.89,40.35,894.5,40.0,3.53,13.49,57.02,837.48,TARGET_1_HIT,-3744.76,33471.8,111.19
155,2022-07-14,NIFTY 50,PUT (PE),15900,1,50,15922.12,95.0,100.54,24.26,277.0,40.0,3.14,13.12,56.26,220.74,TARGET_1_HIT,-3524.02,33471.8,110.53
156,2022-07-15,NIFTY 50,CALL (CE),16050,1,50,16025.66,95.0,106.07,27.94,553.5,40.0,3.31,13.28,56.59,496.91,TARGET_1_HIT,-3027.11,33471.8,109.04
157,2022-07-18,NIFTY 50,CALL (CE),16250,1,50,16244.77,95.0,109.25,33.73,712.5,40.0,3.41,13.38,56.79,655.71,TARGET_1_HIT,-2371.4,33471.8,107.08
158,2022-07-19,NIFTY 50,CALL (CE),16300,1,50,16308.04,95.0,108.58,32.51,679.0,40.0,3.39,13.36,56.75,622.25,TARGET_1_HIT,-1749.15,33471.8,105.23
159,2022-07-21,NIFTY 50,CALL (CE),16600,1,50,16584.6,95.0,73.2,-29.18,-1090.0,40.0,2.29,12.31,54.6,-1144.6,STOP_LOSS_HIT,-2893.75,33471.8,108.65
160,2022-07-22,NIFTY 50,CALL (CE),16700,1,50,16710.43,95.0,95.66,9.02,33.0,40.0,2.99,12.98,55.97,-22.97,TARGET_1_HIT,-2916.72,33471.8,108.71
161,2022-07-25,NIFTY 50,PUT (PE),16600,1,50,16606.21,95.0,76.81,-28.94,-909.5,40.0,2.4,12.42,54.82,-964.32,STOP_LOSS_HIT,-3881.04,33471.8,111.59
162,2022-07-26,NIFTY 50,PUT (PE),16500,1,50,16514.87,95.0,107.76,31.02,638.0,40.0,3.37,13.33,56.7,581.3,TARGET_1_HIT,-3299.74,33471.8,109.86
163,2022-07-27,NIFTY 50,CALL (CE),16600,1,50,16588.89,95.0,119.8,52.91,1240.0,40.0,3.74,13.69,57.43,1182.57,TARGET_1_HIT,-2117.17,33471.8,106.33
164,2022-07-28,NIFTY 50,CALL (CE),16900,1,50,16887.22,95.0,110.51,42.38,775.5,40.0,3.45,13.41,56.86,718.64,TARGET_1_HIT,-1398.53,33471.8,104.18
165,2022-07-29,NIFTY 50,CALL (CE),17150,1,50,17126.86,95.0,107.96,31.39,648.0,40.0,3.37,13.33,56.7,591.3,TARGET_1_HIT,-807.23,33471.8,102.41
166,2022-08-01,NIFTY 50,CALL (CE),17300,1,50,17295.8,95.0,115.04,44.25,1002.0,40.0,3.6,13.55,57.15,944.85,TARGET_1_HIT,137.62,33471.8,99.59
167,2022-08-02,NIFTY 50,CALL (CE),17350,1,50,17338.12,95.0,73.84,-35.12,-1058.0,40.0,2.31,12.33,54.64,-1112.64,STOP_LOSS_HIT,-975.02,33471.8,102.91
168,2022-08-03,NIFTY 50,CALL (CE),17350,1,50,17353.19,95.0,73.17,-36.52,-1091.5,40.0,2.29,12.31,54.6,-1146.1,STOP_LOSS_HIT,-2121.12,33471.8,106.34
169,2022-08-04,NIFTY 50,CALL (CE),17400,1,50,17390.57,95.0,122.72,64.58,1386.0,40.0,3.83,13.77,57.6,1328.4,TARGET_1_HIT,-792.72,33471.8,102.37
170,2022-08-08,NIFTY 50,CALL (CE),17500,1,50,17492.2,95.0,112.88,40.33,894.0,40.0,3.53,13.49,57.02,836.98,TARGET_1_HIT,44.26,33471.8,99.87
171,2022-08-19,NIFTY 50,PUT (PE),17800,1,50,17796.0,95.0,111.35,37.55,817.5,40.0,3.48,13.44,56.92,760.58,TARGET_1_HIT,804.84,33471.8,97.6
172,2022-08-22,NIFTY 50,PUT (PE),17550,1,50,17534.39,95.0,114.73,43.69,986.5,40.0,3.59,13.53,57.12,929.38,TARGET_1_HIT,1734.22,33471.8,94.82
173,2022-08-23,NIFTY 50,CALL (CE),17550,1,50,17540.64,95.0,64.17,-55.26,-1541.5,40.0,2.01,12.05,54.06,-1595.56,STOP_LOSS_HIT,138.66,33471.8,99.59
174,2022-08-25,NIFTY 50,PUT (PE),17550,1,50,17559.55,95.0,107.61,37.1,630.5,40.0,3.36,13.33,56.69,573.81,TARGET_1_HIT,712.47,33471.8,97.87
175,2022-08-26,NIFTY 50,PUT (PE),17550,1,50,17568.96,95.0,74.55,-33.64,-1022.5,40.0,2.33,12.35,54.68,-1077.18,STOP_LOSS_HIT,-364.71,33471.8,101.09
176,2022-08-29,NIFTY 50,CALL (CE),17300,1,50,17315.83,95.0,70.23,-42.66,-1238.5,40.0,2.19,12.22,54.41,-1292.91,STOP_LOSS_HIT,-1657.62,33471.8,104.95
177,2022-08-30,NIFTY 50,CALL (CE),17650,1,50,17663.04,95.0,143.64,96.26,2432.0,40.0,4.49,14.39,58.88,2373.12,TARGET_1_HIT,715.5,33471.8,97.86
178,2022-09-01,NIFTY 50,PUT (PE),17550,1,50,17536.87,95.0,99.42,22.22,221.0,40.0,3.11,13.08,56.19,164.81,TARGET_1_HIT,880.31,33471.8,97.37
179,2022-09-02,NIFTY 50,PUT (PE),17550,1,50,17526.34,95.0,74.47,-33.81,-1026.5,40.0,2.33,12.35,54.68,-1081.18,STOP_LOSS_HIT,-200.87,33471.8,100.6
180,2022-09-06,NIFTY 50,PUT (PE),17650,1,50,17640.52,95.0,73.6,-35.63,-1070.0,40.0,2.3,12.32,54.62,-1124.62,STOP_LOSS_HIT,-1325.49,33471.8,103.96
181,2022-09-07,NIFTY 50,CALL (CE),17600,1,50,17601.15,95.0,74.56,-33.62,-1022.0,40.0,2.33,12.35,54.68,-1076.68,STOP_LOSS_HIT,-2402.17,33471.8,107.18
182,2022-09-14,NIFTY 50,CALL (CE),18000,1,50,17994.23,95.0,60.52,-62.88,-1724.0,40.0,1.89,11.94,53.83,-1777.83,STOP_LOSS_HIT,-4180.0,33471.8,112.49
183,2022-09-15,NIFTY 50,PUT (PE),17950,1,50,17932.24,95.0,64.84,-46.59,-1508.0,40.0,2.03,12.07,54.1,-1562.1,STOP_LOSS_HIT,-5742.1,33471.8,117.16
184,2022-09-16,NIFTY 50,PUT (PE),17600,1,50,17595.32,95.0,126.16,64.47,1558.0,40.0,3.94,13.88,57.82,1500.18,TARGET_1_HIT,-4241.92,33471.8,112.67
185,2022-09-19,NIFTY 50,CALL (CE),17600,1,50,17595.57,95.0,68.08,-47.12,-1346.0,40.0,2.13,12.16,54.29,-1400.29,STOP_LOSS_HIT,-5642.21,33471.8,116.86
186,2022-09-20,NIFTY 50,PUT (PE),17800,1,50,17796.62,95.0,73.79,-35.23,-1060.5,40.0,2.31,12.33,54.64,-1115.14,STOP_LOSS_HIT,-6757.35,33471.8,120.19
187,2022-09-21,NIFTY 50,PUT (PE),17700,1,50,17715.88,95.0,73.77,-35.27,-1061.5,40.0,2.31,12.33,54.64,-1116.14,STOP_LOSS_HIT,-7873.49,33471.8,123.52
188,2022-09-22,NIFTY 50,CALL (CE),17650,1,50,17665.76,95.0,68.88,-38.16,-1306.0,40.0,2.15,12.19,54.34,-1360.34,STOP_LOSS_HIT,-9233.83,33471.8,127.59
189,2022-09-23,NIFTY 50,PUT (PE),17400,1,50,17398.31,95.0,129.73,70.96,1736.5,40.0,4.05,13.98,58.03,1678.47,TARGET_1_HIT,-7555.36,33471.8,122.57
190,2022-09-26,NIFTY 50,PUT (PE),17050,1,50,17043.91,95.0,105.89,27.61,544.5,40.0,3.31,13.27,56.58,487.92,TARGET_1_HIT,-7067.44,33471.8,121.11
191,2022-09-27,NIFTY 50,PUT (PE),17000,1,50,17012.92,95.0,68.39,-46.48,-1330.5,40.0,2.14,12.17,54.31,-1384.81,STOP_LOSS_HIT,-8452.25,33471.8,125.25
192,2022-09-28,NIFTY 50,PUT (PE),16900,1,50,16885.73,95.0,69.93,-43.27,-1253.5,40.0,2.19,12.21,54.4,-1307.9,STOP_LOSS_HIT,-9760.15,33471.8,129.16
193,2022-09-29,NIFTY 50,PUT (PE),16850,1,50,16860.21,95.0,64.58,-47.12,-1521.0,40.0,2.02,12.06,54.08,-1575.08,STOP_LOSS_HIT,-11335.23,33471.8,133.87
194,2022-09-30,NIFTY 50,CALL (CE),17050,1,50,17052.89,95.0,124.88,62.14,1494.0,40.0,3.9,13.84,57.74,1436.26,TARGET_1_HIT,-9898.97,33471.8,129.57
195,2022-10-03,NIFTY 50,PUT (PE),16950,1,50,16933.87,95.0,66.11,-51.23,-1444.5,40.0,2.07,12.1,54.17,-1498.67,STOP_LOSS_HIT,-11397.64,33471.8,134.05
196,2022-10-04,NIFTY 50,CALL (CE),17250,1,50,17236.6,95.0,111.44,37.7,822.0,40.0,3.48,13.44,56.92,765.08,TARGET_1_HIT,-10632.56,33471.8,131.77
197,2022-10-10,NIFTY 50,CALL (CE),17200,1,50,17215.36,95.0,70.09,-42.94,-1245.5,40.0,2.19,12.22,54.41,-1299.91,STOP_LOSS_HIT,-11932.47,33471.8,135.65
198,2022-10-11,NIFTY 50,PUT (PE),17050,1,50,17044.87,95.0,126.47,65.04,1573.5,40.0,3.95,13.89,57.84,1515.66,TARGET_1_HIT,-10416.81,33471.8,131.12
199,2022-10-12,NIFTY 50,CALL (CE),17100,1,50,17087.84,95.0,73.11,-36.64,-1094.5,40.0,2.28,12.31,54.59,-1149.09,STOP_LOSS_HIT,-11565.9,33471.8,134.55
200,2022-10-13,NIFTY 50,PUT (PE),17000,1,50,17003.12,95.0,72.07,-31.53,-1146.5,40.0,2.25,12.28,54.53,-1201.03,STOP_LOSS_HIT,-12766.93,33471.8,138.14
201,2022-10-14,NIFTY 50,PUT (PE),17200,1,50,17223.18,95.0,73.43,-35.97,-1078.5,40.0,2.29,12.32,54.61,-1133.11,STOP_LOSS_HIT,-13900.04,33471.8,141.53
202,2022-10-17,NIFTY 50,CALL (CE),17250,1,50,17259.25,95.0,119.6,52.55,1230.0,40.0,3.74,13.69,57.43,1172.57,TARGET_1_HIT,-12727.47,33471.8,138.02
203,2022-10-20,NIFTY 50,CALL (CE),17550,1,50,17535.57,95.0,71.36,-32.99,-1182.0,40.0,2.23,12.26,54.49,-1236.49,STOP_LOSS_HIT,-13963.96,33471.8,141.72
204,2022-10-21,NIFTY 50,PUT (PE),17550,1,50,17565.06,95.0,76.11,-30.39,-944.5,40.0,2.38,12.4,54.78,-999.28,STOP_LOSS_HIT,-14963.24,33471.8,144.7
205,2022-10-25,NIFTY 50,PUT (PE),17700,1,50,17689.1,95.0,108.71,32.75,685.5,40.0,3.4,13.36,56.76,628.74,TARGET_1_HIT,-14334.5,33471.8,142.83
206,2022-11-07,NIFTY 50,CALL (CE),18200,1,50,18198.37,95.0,95.86,9.38,43.0,40.0,3.0,12.98,55.98,-12.98,TARGET_1_HIT,-14347.48,33471.8,142.86
207,2022-11-09,NIFTY 50,PUT (PE),18150,1,50,18170.96,95.0,73.42,-35.99,-1079.0,40.0,2.29,12.32,54.61,-1133.61,STOP_LOSS_HIT,-15481.09,33471.8,146.25
208,2022-11-18,NIFTY 50,CALL (CE),18350,1,50,18339.31,95.0,72.89,-37.11,-1105.5,40.0,2.28,12.31,54.59,-1160.09,STOP_LOSS_HIT,-16641.18,33471.8,149.72
209,2022-11-24,NIFTY 50,CALL (CE),18450,1,50,18458.71,95.0,101.16,25.39,308.0,40.0,3.16,13.13,56.29,251.71,TARGET_1_HIT,-16389.47,33471.8,148.97
210,2022-11-28,NIFTY 50,CALL (CE),18550,1,50,18539.17,95.0,103.67,23.58,433.5,40.0,3.24,13.21,56.45,377.05,TARGET_1_HIT,-16012.42,33471.8,147.84
211,2022-11-30,NIFTY 50,CALL (CE),18750,1,50,18756.21,95.0,91.88,2.14,-156.0,40.0,2.87,12.86,55.73,-211.73,TARGET_1_HIT,-16224.15,33471.8,148.47
212,2022-12-09,NIFTY 50,PUT (PE),18500,1,50,18487.03,95.0,85.44,-9.57,-478.0,40.0,2.67,12.67,55.34,-533.34,TARGET_1_HIT,-16757.49,33471.8,150.06
213,2022-12-12,NIFTY 50,CALL (CE),18450,1,50,18469.04,95.0,73.7,-35.42,-1065.0,40.0,2.3,12.33,54.63,-1119.63,STOP_LOSS_HIT,-17877.12,33471.8,153.41
214,2022-12-15,NIFTY 50,PUT (PE),18450,1,50,18467.91,95.0,116.36,53.01,1068.0,40.0,3.64,13.58,57.22,1010.78,TARGET_1_HIT,-16866.34,33471.8,150.39
215,2022-12-16,NIFTY 50,PUT (PE),18300,1,50,18310.75,95.0,72.8,-37.3,-1110.0,40.0,2.27,12.31,54.58,-1164.58,STOP_LOSS_HIT,-18030.92,33471.8,153.87
216,2022-12-19,NIFTY 50,CALL (CE),18400,1,50,18375.65,95.0,115.34,44.8,1017.0,40.0,3.6,13.56,57.16,959.84,TARGET_1_HIT,-17071.08,33471.8,151.0
217,2022-12-20,NIFTY 50,CALL (CE),18350,1,50,18344.2,95.0,71.3,-40.42,-1185.0,40.0,2.23,12.26,54.49,-1239.49,STOP_LOSS_HIT,-18310.57,33471.8,154.7
218,2022-12-21,NIFTY 50,PUT (PE),18250,1,50,18257.04,95.0,122.57,57.94,1378.5,40.0,3.83,13.77,57.6,1320.9,TARGET_1_HIT,-16989.67,33471.8,150.76
219,2022-12-22,NIFTY 50,PUT (PE),18150,1,50,18144.15,95.0,120.59,60.7,1279.5,40.0,3.77,13.71,57.48,1222.02,TARGET_1_HIT,-15767.65,33471.8,147.11
220,2022-12-23,NIFTY 50,PUT (PE),17850,1,50,17861.49,95.0,120.78,54.69,1289.0,40.0,3.77,13.71,57.48,1231.52,TARGET_1_HIT,-14536.13,33471.8,143.43
221,2022-12-26,NIFTY 50,CALL (CE),18000,1,50,17990.05,95.0,61.48,-60.88,-1676.0,40.0,1.92,11.96,53.88,-1729.88,STOP_LOSS_HIT,-16266.01,33471.8,148.6
222,2022-12-27,NIFTY 50,CALL (CE),18100,1,50,18094.89,95.0,116.09,46.16,1054.5,40.0,3.63,13.58,57.21,997.29,TARGET_1_HIT,-15268.72,33471.8,145.62
223,2022-12-29,NIFTY 50,CALL (CE),18150,1,50,18158.26,95.0,105.21,32.74,510.5,40.0,3.29,13.26,56.55,453.95,TARGET_1_HIT,-14814.77,33471.8,144.26
224,2022-12-30,NIFTY 50,PUT (PE),18150,1,50,18135.64,95.0,72.88,-37.14,-1106.0,40.0,2.28,12.31,54.59,-1160.59,STOP_LOSS_HIT,-15975.36,33471.8,147.73
225,2023-01-04,NIFTY 50,PUT (PE),18100,1,50,18087.54,95.0,115.22,44.59,1011.0,40.0,3.6,13.56,57.16,953.84,TARGET_1_HIT,-15021.52,33471.8,144.88
226,2023-01-05,NIFTY 50,PUT (PE),17950,1,50,17961.19,95.0,65.48,-45.26,-1476.0,40.0,2.05,12.08,54.13,-1530.13,STOP_LOSS_HIT,-16551.65,33471.8,149.45
227,2023-01-06,NIFTY 50,PUT (PE),17850,1,50,17871.62,95.0,66.77,-49.86,-1411.5,40.0,2.09,12.12,54.21,-1465.71,STOP_LOSS_HIT,-18017.36,33471.8,153.83
228,2023-01-09,NIFTY 50,CALL (CE),18100,1,50,18079.77,95.0,71.02,-40.99,-1199.0,40.0,2.22,12.25,54.47,-1253.47,STOP_LOSS_HIT,-19270.83,33471.8,157.57
229,2023-01-10,NIFTY 50,PUT (PE),17950,1,50,17938.2,95.0,64.97,-53.6,-1501.5,40.0,2.03,12.07,54.1,-1555.6,STOP_LOSS_HIT,-20826.43,33471.8,162.22
230,2023-01-11,NIFTY 50,PUT (PE),17850,1,50,17869.47,95.0,75.88,-30.88,-956.0,40.0,2.37,12.39,54.76,-1010.76,STOP_LOSS_HIT,-21837.19,33471.8,165.24
231,2023-01-12,NIFTY 50,CALL (CE),17900,1,50,17890.71,95.0,69.45,-36.98,-1277.5,40.0,2.17,12.2,54.37,-1331.87,STOP_LOSS_HIT,-23169.06,33471.8,169.22
232,2023-01-13,NIFTY 50,CALL (CE),17950,1,50,17931.57,95.0,104.47,25.03,473.5,40.0,3.26,13.24,56.5,417.0,TARGET_1_HIT,-22752.06,33471.8,167.97
233,2023-01-16,NIFTY 50,PUT (PE),17900,1,50,17912.41,95.0,71.86,-39.24,-1157.0,40.0,2.25,12.27,54.52,-1211.52,STOP_LOSS_HIT,-23963.58,33471.8,171.59
234,2023-01-17,NIFTY 50,CALL (CE),18000,1,50,18016.67,95.0,72.86,-37.17,-1107.0,40.0,2.28,12.31,54.59,-1161.59,STOP_LOSS_HIT,-25125.17,33471.8,175.06
235,2023-01-25,NIFTY 50,PUT (PE),17900,1,50,17923.03,95.0,107.79,31.08,639.5,40.0,3.37,13.33,56.7,582.8,TARGET_1_HIT,-24542.37,33471.8,173.32
236,2023-01-27,NIFTY 50,PUT (PE),17600,1,50,17612.82,95.0,95.36,8.47,18.0,40.0,2.98,12.97,55.95,-37.95,TARGET_1_HIT,-24580.32,33471.8,173.44
237,2023-01-30,NIFTY 50,CALL (CE),17600,1,50,17617.03,95.0,62.05,-59.68,-1647.5,40.0,1.94,11.99,53.93,-1701.43,STOP_LOSS_HIT,-26281.75,33471.8,178.52
238,2023-01-31,NIFTY 50,CALL (CE),17700,1,50,17676.27,95.0,71.67,-39.65,-1166.5,40.0,2.24,12.27,54.51,-1221.01,STOP_LOSS_HIT,-27502.76,33471.8,182.17
239,2023-02-01,NIFTY 50,PUT (PE),17550,1,50,17543.23,95.0,143.64,96.25,2432.0,40.0,4.49,14.39,58.88,2373.12,TARGET_1_HIT,-25129.64,33471.8,175.08
240,2023-02-02,NIFTY 50,CALL (CE),17600,1,50,17591.44,95.0,67.27,-41.52,-1386.5,40.0,2.1,12.14,54.24,-1440.74,STOP_LOSS_HIT,-26570.38,33471.8,179.38
241,2023-02-03,NIFTY 50,CALL (CE),17800,1,50,17783.61,95.0,129.44,70.44,1722.0,40.0,4.04,13.97,58.01,1663.99,TARGET_1_HIT,-24906.39,33471.8,174.41
242,2023-02-07,NIFTY 50,PUT (PE),17700,1,50,17699.72,95.0,75.28,-32.13,-986.0,40.0,2.35,12.38,54.73,-1040.73,STOP_LOSS_HIT,-25947.12,33471.8,177.52
243,2023-02-08,NIFTY 50,CALL (CE),17850,1,50,17852.79,95.0,109.52,34.21,726.0,40.0,3.42,13.38,56.8,669.2,TARGET_1_HIT,-25277.92,33471.8,175.52
244,2023-02-13,NIFTY 50,PUT (PE),17750,1,50,17767.64,95.0,90.02,-1.23,-249.0,40.0,2.81,12.81,55.62,-304.62,TARGET_1_HIT,-25582.54,33471.8,176.43
245,2023-02-14,NIFTY 50,CALL (CE),17900,1,50,17908.66,95.0,114.21,42.74,960.5,40.0,3.57,13.52,57.09,903.41,TARGET_1_HIT,-24679.13,33471.8,173.73
246,2023-02-15,NIFTY 50,CALL (CE),18000,1,50,17980.21,95.0,110.3,35.64,765.0,40.0,3.45,13.4,56.85,708.15,TARGET_1_HIT,-23970.98,33471.8,171.62
247,2023-02-20,NIFTY 50,PUT (PE),17850,1,50,17874.04,95.0,72.78,-37.33,-1111.0,40.0,2.27,12.3,54.57,-1165.57,STOP_LOSS_HIT,-25136.55,33471.8,175.1
248,2023-02-22,NIFTY 50,PUT (PE),17600,1,50,17602.79,95.0,117.37,48.49,1118.5,40.0,3.67,13.62,57.29,1061.21,TARGET_1_HIT,-24075.34,33471.8,171.93
249,2023-02-23,NIFTY 50,PUT (PE),17500,1,50,17504.44,95.0,108.89,39.44,694.5,40.0,3.4,13.37,56.77,637.73,TARGET_1_HIT,-23437.61,33471.8,170.02
250,2023-02-24,NIFTY 50,PUT (PE),17450,1,50,17474.97,95.0,111.17,37.22,808.5,40.0,3.47,13.43,56.9,751.6,TARGET_1_HIT,-22686.01,33471.8,167.78
251,2023-02-27,NIFTY 50,CALL (CE),17400,1,50,17406.29,95.0,75.82,-30.99,-959.0,40.0,2.37,12.39,54.76,-1013.76,STOP_LOSS_HIT,-23699.77,33471.8,170.81
252,2023-02-28,NIFTY 50,PUT (PE),17300,1,50,17310.63,95.0,94.37,6.68,-31.5,40.0,2.95,12.93,55.88,-87.38,TARGET_1_HIT,-23787.15,33471.8,171.07
253,2023-03-03,NIFTY 50,CALL (CE),17600,1,50,17579.46,95.0,98.89,14.89,194.5,40.0,3.09,13.07,56.16,138.34,TARGET_1_HIT,-23648.81,33471.8,170.65
254,2023-03-08,NIFTY 50,CALL (CE),17700,1,50,17717.58,95.0,74.76,-33.21,-1012.0,40.0,2.34,12.35,54.69,-1066.69,STOP_LOSS_HIT,-24715.5,33471.8,173.84
255,2023-03-09,NIFTY 50,PUT (PE),17650,1,50,17633.21,95.0,68.11,-39.76,-1344.5,40.0,2.13,12.16,54.29,-1398.79,STOP_LOSS_HIT,-26114.29,33471.8,178.02
256,2023-03-13,NIFTY 50,PUT (PE),17250,1,50,17240.55,95.0,138.14,86.25,2157.0,40.0,4.32,14.23,58.55,2098.45,TARGET_1_HIT,-24015.84,33471.8,171.75
257,2023-03-14,NIFTY 50,PUT (PE),17050,1,50,17058.74,95.0,121.98,56.88,1349.0,40.0,3.81,13.75,57.56,1291.44,TARGET_1_HIT,-22724.4,33471.8,167.89
258,2023-03-15,NIFTY 50,PUT (PE),17000,1,50,17021.36,95.0,132.48,75.97,1874.0,40.0,4.14,14.06,58.2,1815.8,TARGET_1_HIT,-20908.6,33471.8,162.47
259,2023-03-16,NIFTY 50,CALL (CE),17000,1,50,16998.64,95.0,66.88,-42.34,-1406.0,40.0,2.09,12.13,54.22,-1460.22,STOP_LOSS_HIT,-22368.82,33471.8,166.83
260,2023-03-17,NIFTY 50,CALL (CE),17100,1,50,17089.63,95.0,72.63,-37.65,-1118.5,40.0,2.27,12.29,54.56,-1173.06,STOP_LOSS_HIT,-23541.88,33471.8,170.33
261,2023-03-20,NIFTY 50,CALL (CE),17000,1,50,16994.74,95.0,68.01,-47.27,-1349.5,40.0,2.13,12.16,54.29,-1403.79,STOP_LOSS_HIT,-24945.67,33471.8,174.53
262,2023-03-23,NIFTY 50,PUT (PE),17100,1,50,17092.93,95.0,107.36,36.66,618.0,40.0,3.35,13.32,56.67,561.33,TARGET_1_HIT,-24384.34,33471.8,172.85
263,2023-03-24,NIFTY 50,PUT (PE),16950,1,50,16974.9,95.0,107.12,29.85,606.0,40.0,3.35,13.31,56.66,549.34,TARGET_1_HIT,-23835.0,33471.8,171.21
264,2023-03-27,NIFTY 50,PUT (PE),16950,1,50,16970.01,95.0,74.01,-34.77,-1049.5,40.0,2.31,12.34,54.65,-1104.15,STOP_LOSS_HIT,-24939.15,33471.8,174.51
265,2023-03-28,NIFTY 50,PUT (PE),16950,1,50,16957.63,95.0,76.24,-30.12,-938.0,40.0,2.38,12.4,54.78,-992.78,STOP_LOSS_HIT,-25931.93,33471.8,177.47
266,2023-03-29,NIFTY 50,CALL (CE),17050,1,50,17070.63,95.0,119.9,53.1,1245.0,40.0,3.75,13.69,57.44,1187.56,TARGET_1_HIT,-24744.37,33471.8,173.93
267,2023-03-31,NIFTY 50,CALL (CE),17350,1,50,17328.75,95.0,107.75,31.0,637.5,40.0,3.37,13.33,56.7,580.8,TARGET_1_HIT,-24163.57,33471.8,172.19
268,2023-04-05,NIFTY 50,CALL (CE),17500,1,50,17520.52,95.0,110.79,36.53,789.5,40.0,3.46,13.42,56.88,732.62,TARGET_1_HIT,-23430.95,33471.8,170.0
269,2023-04-17,NIFTY 50,PUT (PE),17650,1,50,17661.63,95.0,76.51,-25.8,-924.5,40.0,2.39,12.41,54.8,-979.3,TARGET_1_HIT,-24410.25,33471.8,172.93
270,2023-04-18,NIFTY 50,PUT (PE),17650,1,50,17656.68,95.0,75.47,-31.72,-976.5,40.0,2.36,12.38,54.74,-1031.24,STOP_LOSS_HIT,-25441.49,33471.8,176.01
271,2023-04-28,NIFTY 50,CALL (CE),18050,1,50,18027.96,95.0,111.07,37.04,803.5,40.0,3.47,13.43,56.9,746.6,TARGET_1_HIT,-24694.89,33471.8,173.78
272,2023-05-04,NIFTY 50,CALL (CE),18200,1,50,18207.22,95.0,113.92,48.58,946.0,40.0,3.56,13.51,57.07,888.93,TARGET_1_HIT,-23805.96,33471.8,171.12
273,2023-05-05,NIFTY 50,PUT (PE),18100,1,50,18103.51,95.0,75.01,-32.69,-999.5,40.0,2.34,12.37,54.71,-1054.21,STOP_LOSS_HIT,-24860.17,33471.8,174.27
274,2023-05-08,NIFTY 50,CALL (CE),18250,1,50,18231.09,95.0,115.02,44.21,1001.0,40.0,3.59,13.55,57.14,943.86,TARGET_1_HIT,-23916.31,33471.8,171.45
275,2023-05-15,NIFTY 50,CALL (CE),18400,1,50,18407.89,95.0,104.09,24.34,454.5,40.0,3.25,13.23,56.48,398.02,TARGET_1_HIT,-23518.29,33471.8,170.26
276,2023-05-16,NIFTY 50,PUT (PE),18300,1,50,18314.43,95.0,106.06,27.93,553.0,40.0,3.31,13.28,56.59,496.41,TARGET_1_HIT,-23021.88,33471.8,168.78
277,2023-05-17,NIFTY 50,PUT (PE),18150,1,50,18173.38,95.0,98.21,13.65,160.5,40.0,3.07,13.05,56.12,104.38,TARGET_1_HIT,-22917.5,33471.8,168.47
278,2023-05-18,NIFTY 50,PUT (PE),18150,1,50,18162.48,95.0,68.7,-38.54,-1315.0,40.0,2.15,12.18,54.33,-1369.33,STOP_LOSS_HIT,-24286.83,33471.8,172.56
279,2023-05-19,NIFTY 50,CALL (CE),18150,1,50,18171.21,95.0,75.36,-31.96,-982.0,40.0,2.35,12.38,54.73,-1036.73,STOP_LOSS_HIT,-25323.56,33471.8,175.66
280,2023-05-22,NIFTY 50,CALL (CE),18300,1,50,18288.77,95.0,106.96,29.56,598.0,40.0,3.34,13.31,56.65,541.35,TARGET_1_HIT,-24782.21,33471.8,174.04
281,2023-05-26,NIFTY 50,CALL (CE),18450,1,50,18456.18,95.0,114.44,43.17,972.0,40.0,3.58,13.53,57.11,914.89,TARGET_1_HIT,-23867.32,33471.8,171.31
282,2023-06-08,NIFTY 50,PUT (PE),18650,1,50,18663.91,95.0,103.35,29.36,417.5,40.0,3.23,13.2,56.43,361.07,TARGET_1_HIT,-23506.25,33471.8,170.23
283,2023-06-19,NIFTY 50,PUT (PE),18750,1,50,18767.46,95.0,107.95,31.36,647.5,40.0,3.37,13.33,56.7,590.8,TARGET_1_HIT,-22915.45,33471.8,168.46
284,2023-06-20,NIFTY 50,CALL (CE),18800,1,50,18786.19,95.0,73.41,-36.02,-1079.5,40.0,2.29,12.32,54.61,-1134.11,STOP_LOSS_HIT,-24049.56,33471.8,171.85
285,2023-06-30,NIFTY 50,CALL (CE),19150,1,50,19148.8,95.0,112.84,40.25,892.0,40.0,3.53,13.49,57.02,834.98,TARGET_1_HIT,-23214.58,33471.8,169.36
286,2023-07-07,NIFTY 50,PUT (PE),19350,1,50,19369.8,95.0,117.19,48.17,1109.5,40.0,3.66,13.6,57.26,1052.24,TARGET_1_HIT,-22162.34,33471.8,166.21
287,2023-07-13,NIFTY 50,PUT (PE),19450,1,50,19439.97,95.0,69.71,-36.43,-1264.5,40.0,2.18,12.21,54.39,-1318.89,STOP_LOSS_HIT,-23481.23,33471.8,170.15
288,2023-07-17,NIFTY 50,CALL (CE),19700,1,50,19681.49,95.0,107.18,29.96,609.0,40.0,3.35,13.31,56.66,552.34,TARGET_1_HIT,-22928.89,33471.8,168.5
289,2023-07-20,NIFTY 50,CALL (CE),19900,1,50,19921.48,95.0,118.92,57.67,1196.0,40.0,3.72,13.66,57.38,1138.62,TARGET_1_HIT,-21790.27,33471.8,165.1
290,2023-07-21,NIFTY 50,PUT (PE),19750,1,50,19756.09,95.0,72.65,-37.61,-1117.5,40.0,2.27,12.29,54.56,-1172.06,STOP_LOSS_HIT,-22962.33,33471.8,168.6
291,2023-07-27,NIFTY 50,PUT (PE),19700,1,50,19683.39,95.0,100.12,23.49,256.0,40.0,3.13,13.11,56.24,199.76,TARGET_1_HIT,-22762.57,33471.8,168.01
292,2023-07-31,NIFTY 50,CALL (CE),19700,1,50,19720.45,95.0,116.75,47.37,1087.5,40.0,3.65,13.59,57.24,1030.26,TARGET_1_HIT,-21732.31,33471.8,164.93
293,2023-08-02,NIFTY 50,PUT (PE),19500,1,50,19500.51,95.0,76.38,-26.04,-931.0,40.0,2.39,12.4,54.79,-985.79,TARGET_1_HIT,-22718.1,33471.8,167.87
294,2023-08-03,NIFTY 50,PUT (PE),19350,1,50,19369.22,95.0,64.24,-47.83,-1538.0,40.0,2.01,12.05,54.06,-1592.06,STOP_LOSS_HIT,-24310.16,33471.8,172.63
295,2023-08-09,NIFTY 50,CALL (CE),19600,1,50,19592.32,95.0,112.83,40.23,891.5,40.0,3.53,13.49,57.02,834.48,TARGET_1_HIT,-23475.68,33471.8,170.14
296,2023-08-14,NIFTY 50,CALL (CE),19400,1,50,19403.39,95.0,70.77,-41.51,-1211.5,40.0,2.21,12.24,54.45,-1265.95,STOP_LOSS_HIT,-24741.63,33471.8,173.92
297,2023-08-16,NIFTY 50,CALL (CE),19450,1,50,19433.43,95.0,74.64,-33.46,-1018.0,40.0,2.33,12.35,54.68,-1072.68,STOP_LOSS_HIT,-25814.31,33471.8,177.12
298,2023-08-24,NIFTY 50,PUT (PE),19450,1,50,19433.79,95.0,115.11,50.74,1005.5,40.0,3.6,13.55,57.15,948.35,TARGET_1_HIT,-24865.96,33471.8,174.29
299,2023-08-31,NIFTY 50,PUT (PE),19250,1,50,19272.66,95.0,97.57,18.86,128.5,40.0,3.05,13.03,56.08,72.42,TARGET_1_HIT,-24793.54,33471.8,174.07
300,2023-09-01,NIFTY 50,CALL (CE),19400,1,50,19397.67,95.0,121.19,55.43,1309.5,40.0,3.79,13.72,57.51,1251.99,TARGET_1_HIT,-23541.55,33471.8,170.33
301,2023-09-07,NIFTY 50,CALL (CE),19700,1,50,19681.05,95.0,112.5,46.0,875.0,40.0,3.52,13.47,56.99,818.01,TARGET_1_HIT,-22723.54,33471.8,167.89
302,2023-09-12,NIFTY 50,PUT (PE),19950,1,50,19973.32,95.0,71.89,-39.18,-1155.5,40.0,2.25,12.27,54.52,-1210.02,STOP_LOSS_HIT,-23933.56,33471.8,171.5
303,2023-09-20,NIFTY 50,PUT (PE),19950,1,50,19930.11,95.0,106.49,28.71,574.5,40.0,3.33,13.3,56.63,517.87,TARGET_1_HIT,-23415.69,33471.8,169.96
304,2023-09-27,NIFTY 50,CALL (CE),19700,1,50,19677.92,95.0,111.89,38.53,844.5,40.0,3.5,13.45,56.95,787.55,TARGET_1_HIT,-22628.14,33471.8,167.6
305,2023-09-28,NIFTY 50,PUT (PE),19600,1,50,19575.21,95.0,61.2,-54.17,-1690.0,40.0,1.91,11.95,53.86,-1743.86,STOP_LOSS_HIT,-24372.0,33471.8,172.81
306,2023-09-29,NIFTY 50,PUT (PE),19600,1,50,19603.36,95.0,73.76,-35.29,-1062.0,40.0,2.31,12.33,54.64,-1116.64,STOP_LOSS_HIT,-25488.64,33471.8,176.15
307,2023-10-13,NIFTY 50,CALL (CE),19750,1,50,19754.67,95.0,74.23,-34.32,-1038.5,40.0,2.32,12.34,54.66,-1093.16,STOP_LOSS_HIT,-26581.8,33471.8,179.42
308,2023-10-18,NIFTY 50,PUT (PE),19700,1,50,19714.06,95.0,114.33,42.96,966.5,40.0,3.57,13.52,57.09,909.41,TARGET_1_HIT,-25672.39,33471.8,176.7
309,2023-10-19,NIFTY 50,CALL (CE),19650,1,50,19631.27,95.0,70.79,-34.19,-1210.5,40.0,2.21,12.24,54.45,-1264.95,STOP_LOSS_HIT,-26937.34,33471.8,180.48
310,2023-10-23,NIFTY 50,PUT (PE),19350,1,50,19348.54,95.0,127.43,66.79,1621.5,40.0,3.98,13.91,57.89,1563.61,TARGET_1_HIT,-25373.73,33471.8,175.81
311,2023-10-25,NIFTY 50,PUT (PE),19150,1,50,19156.83,95.0,64.83,-53.9,-1508.5,40.0,2.03,12.07,54.1,-1562.6,STOP_LOSS_HIT,-26936.33,33471.8,180.47
312,2023-10-26,NIFTY 50,PUT (PE),18900,1,50,18899.04,95.0,110.18,41.79,759.0,40.0,3.44,13.4,56.84,702.16,TARGET_1_HIT,-26234.17,33471.8,178.38
313,2023-10-30,NIFTY 50,CALL (CE),19100,1,50,19092.76,95.0,117.18,48.14,1109.0,40.0,3.66,13.6,57.26,1051.74,TARGET_1_HIT,-25182.43,33471.8,175.23
314,2023-10-31,NIFTY 50,PUT (PE),19100,1,50,19109.4,95.0,73.58,-35.67,-1071.0,40.0,2.3,12.32,54.62,-1125.62,STOP_LOSS_HIT,-26308.05,33471.8,178.6
315,2023-11-16,NIFTY 50,CALL (CE),19800,1,50,19800.29,95.0,67.9,-35.09,-1355.0,40.0,2.12,12.15,54.27,-1409.27,TARGET_1_HIT,-27717.32,33471.8,182.81
316,2023-12-04,NIFTY 50,CALL (CE),20650,1,50,20644.23,95.0,114.11,42.57,955.5,40.0,3.57,13.52,57.09,898.41,TARGET_1_HIT,-26818.91,33471.8,180.12
317,2023-12-13,NIFTY 50,CALL (CE),20900,1,50,20896.04,95.0,73.28,-36.29,-1086.0,40.0,2.29,12.32,54.61,-1140.61,STOP_LOSS_HIT,-27959.52,33471.8,183.53
318,2023-12-15,NIFTY 50,CALL (CE),21400,1,50,21414.63,95.0,113.81,42.02,940.5,40.0,3.56,13.51,57.07,883.43,TARGET_1_HIT,-27076.09,33471.8,180.89
319,2023-12-20,NIFTY 50,PUT (PE),21250,1,50,21242.1,95.0,141.27,91.95,2313.5,40.0,4.41,14.32,58.73,2254.77,TARGET_1_HIT,-24821.32,33471.8,174.16
320,2023-12-21,NIFTY 50,CALL (CE),21200,1,50,21193.77,95.0,57.83,-61.19,-1858.5,40.0,1.81,11.86,53.67,-1912.17,STOP_LOSS_HIT,-26733.49,33471.8,179.87
321,2024-01-02,NIFTY 50,CALL (CE),21700,1,50,21695.62,95.0,71.5,-39.99,-1175.0,40.0,2.23,12.26,54.49,-1229.49,STOP_LOSS_HIT,-27962.98,33471.8,183.54
322,2024-01-08,NIFTY 50,PUT (PE),21550,1,50,21574.93,95.0,124.76,61.93,1488.0,40.0,3.9,13.83,57.73,1430.27,TARGET_1_HIT,-26532.71,33471.8,179.27
323,2024-01-09,NIFTY 50,PUT (PE),21600,1,50,21579.9,95.0,70.9,-41.25,-1205.0,40.0,2.22,12.25,54.47,-1259.47,STOP_LOSS_HIT,-27792.18,33471.8,183.03
324,2024-01-10,NIFTY 50,CALL (CE),21600,1,50,21583.96,95.0,72.12,-38.71,-1144.0,40.0,2.25,12.28,54.53,-1198.53,STOP_LOSS_HIT,-28990.71,33471.8,186.61
325,2024-01-12,NIFTY 50,CALL (CE),21850,1,50,21864.19,95.0,107.4,30.36,620.0,40.0,3.36,13.32,56.68,563.32,TARGET_1_HIT,-28427.39,33471.8,184.93
326,2024-01-17,NIFTY 50,PUT (PE),21650,1,50,21641.77,95.0,129.1,69.82,1705.0,40.0,4.03,13.96,57.99,1647.01,TARGET_1_HIT,-26780.38,33471.8,180.01
327,2024-01-18,NIFTY 50,CALL (CE),21450,1,50,21462.71,95.0,63.09,-50.23,-1595.5,40.0,1.97,12.01,53.98,-1649.48,STOP_LOSS_HIT,-28429.86,33471.8,184.94
328,2024-01-23,NIFTY 50,PUT (PE),21350,1,50,21363.47,95.0,159.27,124.67,3213.5,40.0,4.98,14.85,59.83,3153.67,TARGET_1_HIT,-25276.19,33471.8,175.51
329,2024-01-24,NIFTY 50,CALL (CE),21400,1,50,21377.35,95.0,58.26,-67.58,-1837.0,40.0,1.82,11.87,53.69,-1890.69,STOP_LOSS_HIT,-27166.88,33471.8,181.16
330,2024-01-25,NIFTY 50,PUT (PE),21300,1,50,21310.76,95.0,66.91,-42.27,-1404.5,40.0,2.09,12.13,54.22,-1458.72,STOP_LOSS_HIT,-28625.6,33471.8,185.52
331,2024-01-29,NIFTY 50,CALL (CE),21650,1,50,21661.82,95.0,132.38,75.78,1869.0,40.0,4.14,14.05,58.19,1810.81,TARGET_1_HIT,-26814.79,33471.8,180.11
332,2024-01-30,NIFTY 50,PUT (PE),21600,1,50,21596.29,95.0,131.5,74.19,1825.0,40.0,4.11,14.03,58.14,1766.86,TARGET_1_HIT,-25047.93,33471.8,174.83
333,2024-01-31,NIFTY 50,CALL (CE),21650,1,50,21652.67,95.0,130.87,73.03,1793.5,40.0,4.09,14.02,58.11,1735.39,TARGET_1_HIT,-23312.54,33471.8,169.65
334,2024-02-02,NIFTY 50,PUT (PE),21900,1,50,21903.14,95.0,60.44,-63.04,-1728.0,40.0,1.89,11.94,53.83,-1781.83,STOP_LOSS_HIT,-25094.37,33471.8,174.97
335,2024-02-05,NIFTY 50,PUT (PE),21800,1,50,21798.53,95.0,128.04,67.89,1652.0,40.0,4.0,13.93,57.93,1594.07,TARGET_1_HIT,-23500.3,33471.8,170.21
336,2024-02-06,NIFTY 50,CALL (CE),21900,1,50,21887.11,95.0,113.96,42.29,948.0,40.0,3.56,13.51,57.07,890.93,TARGET_1_HIT,-22609.37,33471.8,167.55
337,2024-02-07,NIFTY 50,PUT (PE),21900,1,50,21918.03,95.0,72.13,-38.7,-1143.5,40.0,2.25,12.28,54.53,-1198.03,STOP_LOSS_HIT,-23807.4,33471.8,171.13
338,2024-02-08,NIFTY 50,PUT (PE),21750,1,50,21770.48,95.0,116.09,52.53,1054.5,40.0,3.63,13.58,57.21,997.29,TARGET_1_HIT,-22810.11,33471.8,168.15
339,2024-02-12,NIFTY 50,PUT (PE),21650,1,50,21652.4,95.0,66.3,-50.82,-1435.0,40.0,2.07,12.11,54.18,-1489.18,STOP_LOSS_HIT,-24299.29,33471.8,172.6
340,2024-02-13,NIFTY 50,CALL (CE),21700,1,50,21699.53,95.0,69.36,-44.45,-1282.0,40.0,2.17,12.2,54.37,-1336.37,STOP_LOSS_HIT,-25635.66,33471.8,176.59
341,2024-02-14,NIFTY 50,CALL (CE),21750,1,50,21767.25,95.0,130.74,72.8,1787.0,40.0,4.09,14.01,58.1,1728.9,TARGET_1_HIT,-23906.76,33471.8,171.42
342,2024-02-21,NIFTY 50,PUT (PE),22050,1,50,22073.9,95.0,66.81,-49.77,-1409.5,40.0,2.09,12.13,54.22,-1463.72,STOP_LOSS_HIT,-25370.48,33471.8,175.8
343,2024-02-22,NIFTY 50,CALL (CE),22150,1,50,22137.55,95.0,131.14,79.9,1807.0,40.0,4.1,14.02,58.12,1748.88,TARGET_1_HIT,-23621.6,33471.8,170.57
344,2024-02-28,NIFTY 50,PUT (PE),22000,1,50,22010.97,95.0,123.6,59.82,1430.0,40.0,3.86,13.8,57.66,1372.34,TARGET_1_HIT,-22249.26,33471.8,166.47
345,2024-02-29,NIFTY 50,CALL (CE),22000,1,50,22000.58,95.0,68.01,-39.98,-1349.5,40.0,2.13,12.16,54.29,-1403.79,STOP_LOSS_HIT,-23653.05,33471.8,170.67
346,2024-03-01,NIFTY 50,CALL (CE),22250,1,50,22260.58,95.0,133.69,78.17,1934.5,40.0,4.18,14.1,58.28,1876.22,TARGET_1_HIT,-21776.83,33471.8,165.06
347,2024-03-06,NIFTY 50,CALL (CE),22400,1,50,22414.62,95.0,123.39,59.43,1419.5,40.0,3.86,13.79,57.65,1361.85,TARGET_1_HIT,-20414.98,33471.8,160.99
348,2024-03-11,NIFTY 50,PUT (PE),22350,1,50,22373.25,95.0,113.03,40.6,901.5,40.0,3.53,13.49,57.02,844.48,TARGET_1_HIT,-19570.5,33471.8,158.47
349,2024-03-12,NIFTY 50,PUT (PE),22300,1,50,22314.93,95.0,71.81,-39.35,-1159.5,40.0,2.24,12.27,54.51,-1214.01,STOP_LOSS_HIT,-20784.51,33471.8,162.1
350,2024-03-13,NIFTY 50,PUT (PE),22050,1,50,22071.39,95.0,131.23,73.69,1811.5,40.0,4.1,14.03,58.13,1753.37,TARGET_1_HIT,-19031.14,33471.8,156.86
351,2024-03-14,NIFTY 50,CALL (CE),22100,1,50,22117.6,95.0,60.06,-56.55,-1747.0,40.0,1.88,11.93,53.81,-1800.81,STOP_LOSS_HIT,-20831.95,33471.8,162.24
352,2024-03-15,NIFTY 50,PUT (PE),22000,1,50,21988.35,95.0,98.28,13.79,164.0,40.0,3.07,13.05,56.12,107.88,TARGET_1_HIT,-20724.07,33471.8,161.92
353,2024-03-18,NIFTY 50,CALL (CE),22050,1,50,22061.48,95.0,122.3,57.46,1365.0,40.0,3.82,13.76,57.58,1307.42,TARGET_1_HIT,-19416.65,33471.8,158.01
354,2024-03-20,NIFTY 50,CALL (CE),21850,1,50,21864.48,95.0,69.61,-43.93,-1269.5,40.0,2.18,12.21,54.39,-1323.89,STOP_LOSS_HIT,-20740.54,33471.8,161.96
355,2024-03-22,NIFTY 50,CALL (CE),22100,1,50,22090.51,95.0,124.0,60.54,1450.0,40.0,3.88,13.82,57.7,1392.3,TARGET_1_HIT,-19348.24,33471.8,157.8
356,2024-03-28,NIFTY 50,PUT (PE),22250,1,50,22270.84,95.0,54.1,-68.96,-2045.0,40.0,1.69,11.75,53.44,-2098.44,STOP_LOSS_HIT,-21446.68,33471.8,164.07
357,2024-04-04,NIFTY 50,CALL (CE),22500,1,50,22523.29,95.0,134.16,85.39,1958.0,40.0,4.19,14.11,58.3,1899.7,TARGET_1_HIT,-19546.98,33471.8,158.4
358,2024-04-12,NIFTY 50,PUT (PE),22550,1,50,22570.79,95.0,118.96,51.39,1198.0,40.0,3.72,13.66,57.38,1140.62,TARGET_1_HIT,-18406.36,33471.8,154.99
359,2024-04-18,NIFTY 50,PUT (PE),22050,1,50,22072.79,95.0,129.52,76.94,1726.0,40.0,4.05,13.97,58.02,1667.98,TARGET_1_HIT,-16738.38,33471.8,150.01
360,2024-04-19,NIFTY 50,CALL (CE),22050,1,50,22056.96,95.0,53.09,-78.36,-2095.5,40.0,1.66,11.72,53.38,-2148.88,STOP_LOSS_HIT,-18887.26,33471.8,156.43
361,2024-04-25,NIFTY 50,CALL (CE),22550,1,75,22528.53,95.0,110.2,41.82,1140.0,40.0,5.17,16.52,61.69,1078.31,TARGET_1_HIT,-17808.95,33471.8,153.21
362,2024-04-26,NIFTY 50,PUT (PE),22450,1,75,22456.35,95.0,68.32,-46.63,-2001.0,40.0,3.2,14.64,57.84,-2058.84,STOP_LOSS_HIT,-19867.79,33471.8,159.36
363,2024-04-29,NIFTY 50,CALL (CE),22600,1,75,22591.49,95.0,70.23,-42.64,-1857.75,40.0,3.29,14.74,58.03,-1915.78,STOP_LOSS_HIT,-21783.57,33471.8,165.08
364,2024-04-30,NIFTY 50,PUT (PE),22650,1,75,22633.03,95.0,70.13,-42.85,-1865.25,40.0,3.29,14.72,58.01,-1923.26,STOP_LOSS_HIT,-23706.83,33471.8,170.83
365,2024-05-03,NIFTY 50,PUT (PE),22500,1,75,22484.51,95.0,95.46,8.66,34.5,40.0,4.47,15.85,60.32,-25.82,TARGET_1_HIT,-23732.65,33471.8,170.9
366,2024-05-07,NIFTY 50,PUT (PE),22300,1,75,22312.82,95.0,97.22,11.85,166.5,40.0,4.56,15.93,60.49,106.01,TARGET_1_HIT,-23626.64,33471.8,170.59
367,2024-05-09,NIFTY 50,PUT (PE),22050,1,75,22046.76,95.0,136.29,89.26,3096.75,40.0,6.39,17.66,64.05,3032.7,TARGET_1_HIT,-20593.94,33471.8,161.53
368,2024-05-13,NIFTY 50,CALL (CE),22050,1,75,22037.36,95.0,61.42,-61.01,-2518.5,40.0,2.88,14.35,57.23,-2575.73,STOP_LOSS_HIT,-23169.67,33471.8,169.22
369,2024-05-14,NIFTY 50,CALL (CE),22200,1,75,22213.52,95.0,93.08,4.33,-144.0,40.0,4.36,15.74,60.1,-204.1,TARGET_1_HIT,-23373.77,33471.8,169.83
370,2024-05-16,NIFTY 50,CALL (CE),22300,1,75,22317.16,95.0,134.88,86.69,2991.0,40.0,6.32,17.6,63.92,2927.08,TARGET_1_HIT,-20446.69,33471.8,161.09
371,2024-05-23,NIFTY 50,CALL (CE),22850,1,75,22866.59,95.0,142.78,101.06,3583.5,40.0,6.69,17.96,64.65,3518.85,TARGET_1_HIT,-16927.84,33471.8,150.57
372,2024-05-27,NIFTY 50,PUT (PE),22950,1,75,22943.48,95.0,113.92,42.22,1419.0,40.0,5.34,16.67,62.01,1356.99,TARGET_1_HIT,-15570.85,33471.8,146.52
373,2024-05-30,NIFTY 50,PUT (PE),22500,1,75,22504.51,95.0,95.92,15.86,69.0,40.0,4.5,15.87,60.37,8.63,TARGET_1_HIT,-15562.22,33471.8,146.49
374,2024-06-03,NIFTY 50,CALL (CE),23250,1,75,23255.02,95.0,95.58,8.88,43.5,40.0,4.48,15.86,60.34,-16.84,TARGET_1_HIT,-15579.06,33471.8,146.54
375,2024-06-04,NIFTY 50,PUT (PE),21850,1,75,21867.84,95.0,81.54,-16.66,-1009.5,40.0,3.82,15.23,59.05,-1068.55,TARGET_1_HIT,-16647.61,33471.8,149.74
376,2024-06-05,NIFTY 50,CALL (CE),22400,1,75,22400.08,95.0,9.63,-168.91,-6402.75,40.0,0.45,12.05,52.5,-6455.25,STOP_LOSS_HIT,-23102.86,33471.8,169.02
377,2024-06-06,NIFTY 50,CALL (CE),22850,1,75,22829.21,95.0,61.84,-52.83,-2487.0,40.0,2.9,14.36,57.26,-2544.26,STOP_LOSS_HIT,-25647.12,33471.8,176.62
378,2024-06-07,NIFTY 50,CALL (CE),23150,1,75,23157.54,95.0,163.64,132.61,5148.0,40.0,7.67,18.88,66.55,5081.45,TARGET_1_HIT,-20565.67,33471.8,161.44
379,2024-06-19,NIFTY 50,PUT (PE),23500,1,75,23488.74,95.0,103.1,22.54,607.5,40.0,4.83,16.19,61.02,546.48,TARGET_1_HIT,-20019.19,33471.8,159.81
380,2024-06-21,NIFTY 50,PUT (PE),23500,1,75,23479.56,95.0,98.67,14.5,275.25,40.0,4.63,15.99,60.62,214.63,TARGET_1_HIT,-19804.56,33471.8,159.17
381,2024-06-24,NIFTY 50,CALL (CE),23500,1,75,23495.59,95.0,70.76,-41.54,-1818.0,40.0,3.32,14.76,58.08,-1876.08,STOP_LOSS_HIT,-21680.64,33471.8,164.77
382,2024-06-26,NIFTY 50,CALL (CE),23800,1,75,23823.87,95.0,116.77,47.4,1632.75,40.0,5.47,16.8,62.27,1570.48,TARGET_1_HIT,-20110.16,33471.8,160.08
383,2024-06-27,NIFTY 50,CALL (CE),24000,1,75,24002.01,95.0,110.57,42.49,1167.75,40.0,5.18,16.53,61.71,1106.04,TARGET_1_HIT,-19004.12,33471.8,156.78
384,2024-07-10,NIFTY 50,CALL (CE),24350,1,75,24364.08,95.0,60.63,-62.65,-2577.75,40.0,2.84,14.31,57.15,-2634.9,STOP_LOSS_HIT,-21639.02,33471.8,164.65
385,2024-07-11,NIFTY 50,CALL (CE),24350,1,75,24339.89,95.0,67.19,-41.69,-2085.75,40.0,3.15,14.59,57.74,-2143.49,STOP_LOSS_HIT,-23782.51,33471.8,171.05
386,2024-07-12,NIFTY 50,CALL (CE),24500,1,75,24513.27,95.0,90.56,-0.25,-333.0,40.0,4.25,15.63,59.88,-392.88,TARGET_1_HIT,-24175.39,33471.8,172.23
387,2024-07-18,NIFTY 50,CALL (CE),24750,1,75,24736.43,95.0,122.63,64.42,2072.25,40.0,5.75,17.06,62.81,2009.44,TARGET_1_HIT,-22165.95,33471.8,166.22
388,2024-07-19,NIFTY 50,PUT (PE),24600,1,75,24613.61,95.0,136.19,82.71,3089.25,40.0,6.38,17.66,64.04,3025.21,TARGET_1_HIT,-19140.74,33471.8,157.18
389,2024-07-22,NIFTY 50,CALL (CE),24500,1,75,24525.0,95.0,68.5,-46.25,-1987.5,40.0,3.21,14.65,57.86,-2045.36,STOP_LOSS_HIT,-21186.1,33471.8,163.3
390,2024-07-23,NIFTY 50,CALL (CE),24450,1,75,24426.96,95.0,43.38,-98.58,-3871.5,40.0,2.03,13.54,55.57,-3927.07,STOP_LOSS_HIT,-25113.17,33471.8,175.03
391,2024-07-25,NIFTY 50,CALL (CE),24350,1,75,24361.39,95.0,66.6,-42.91,-2130.0,40.0,3.12,14.57,57.69,-2187.69,STOP_LOSS_HIT,-27300.86,33471.8,181.56
392,2024-07-26,NIFTY 50,CALL (CE),24700,1,75,24723.57,95.0,151.9,111.28,4267.5,40.0,7.12,18.36,65.48,4202.02,TARGET_1_HIT,-23098.84,33471.8,169.01
393,2024-07-29,NIFTY 50,PUT (PE),24850,1,75,24842.4,95.0,69.21,-44.77,-1934.25,40.0,3.24,14.69,57.93,-1992.18,STOP_LOSS_HIT,-25091.02,33471.8,174.96
394,2024-08-05,NIFTY 50,PUT (PE),24050,1,75,24033.17,95.0,78.36,-22.43,-1248.0,40.0,3.67,15.09,58.76,-1306.76,TARGET_1_HIT,-26397.78,33471.8,178.87
395,2024-08-06,NIFTY 50,PUT (PE),24100,1,75,24089.28,95.0,51.23,-82.22,-3282.75,40.0,2.4,13.89,56.29,-3339.04,STOP_LOSS_HIT,-29736.82,33471.8,188.84
396,2024-08-08,NIFTY 50,PUT (PE),24150,1,75,24158.55,95.0,110.05,41.55,1128.75,40.0,5.16,16.5,61.66,1067.09,TARGET_1_HIT,-28669.73,33471.8,185.65
397,2024-08-12,NIFTY 50,CALL (CE),24400,1,75,24393.98,95.0,105.62,27.12,796.5,40.0,4.95,16.3,61.25,735.25,TARGET_1_HIT,-27934.48,33471.8,183.46
398,2024-08-13,NIFTY 50,PUT (PE),24200,1,75,24189.97,95.0,67.54,-48.25,-2059.5,40.0,3.17,14.62,57.79,-2117.29,STOP_LOSS_HIT,-30051.77,33471.8,189.78
399,2024-08-16,NIFTY 50,CALL (CE),24450,1,75,24454.49,95.0,138.36,86.66,3252.0,40.0,6.49,17.76,64.25,3187.75,TARGET_1_HIT,-26864.02,33471.8,180.26
400,2024-09-06,NIFTY 50,PUT (PE),24900,1,75,24913.21,95.0,124.28,61.06,2196.0,40.0,5.83,17.13,62.96,2133.04,TARGET_1_HIT,-24730.98,33471.8,173.89
401,2024-09-10,NIFTY 50,CALL (CE),25050,1,75,25060.05,95.0,105.36,26.65,777.0,40.0,4.94,16.29,61.23,715.77,TARGET_1_HIT,-24015.21,33471.8,171.75
402,2024-09-11,NIFTY 50,PUT (PE),24950,1,75,24954.0,95.0,112.1,38.9,1282.5,40.0,5.25,16.6,61.85,1220.65,TARGET_1_HIT,-22794.56,33471.8,168.1
403,2024-09-12,NIFTY 50,CALL (CE),25300,1,75,25282.86,95.0,145.52,106.04,3789.0,40.0,6.82,18.07,64.89,3724.11,TARGET_1_HIT,-19070.45,33471.8,156.97
404,2024-09-19,NIFTY 50,PUT (PE),25450,1,75,25447.18,95.0,64.73,-46.82,-2270.25,40.0,3.03,14.49,57.52,-2327.77,STOP_LOSS_HIT,-21398.22,33471.8,163.93
405,2024-09-20,NIFTY 50,CALL (CE),25700,1,75,25720.23,95.0,129.6,70.72,2595.0,40.0,6.08,17.37,63.45,2531.55,TARGET_1_HIT,-18866.67,33471.8,156.37
406,2024-09-26,NIFTY 50,CALL (CE),26150,1,75,26174.63,95.0,109.98,41.42,1123.5,40.0,5.16,16.5,61.66,1061.84,TARGET_1_HIT,-17804.83,33471.8,153.19
407,2024-09-30,NIFTY 50,PUT (PE),25900,1,75,25897.69,95.0,138.46,86.84,3259.5,40.0,6.49,17.76,64.25,3195.25,TARGET_1_HIT,-14609.58,33471.8,143.65
408,2024-10-03,NIFTY 50,PUT (PE),25350,1,75,25355.14,95.0,144.97,105.04,3747.75,40.0,10.87,18.05,68.92,3678.83,TARGET_1_HIT,-10930.75,33471.8,132.66
409,2024-10-04,NIFTY 50,PUT (PE),25150,1,75,25125.46,95.0,151.67,110.86,4250.25,40.0,11.38,18.35,69.73,4180.52,TARGET_1_HIT,-6750.23,33471.8,120.17
410,2024-10-07,NIFTY 50,PUT (PE),24850,1,75,24831.43,95.0,110.32,35.68,1149.0,40.0,8.27,16.52,64.79,1084.21,TARGET_1_HIT,-5666.02,33471.8,116.93
411,2024-10-08,NIFTY 50,CALL (CE),24950,1,75,24956.97,95.0,63.55,-56.57,-2358.75,40.0,4.77,14.44,59.21,-2417.96,STOP_LOSS_HIT,-8083.98,33471.8,124.15
412,2024-10-09,NIFTY 50,PUT (PE),25050,1,75,25034.47,95.0,63.63,-56.4,-2352.75,40.0,4.77,14.44,59.21,-2411.96,STOP_LOSS_HIT,-10495.94,33471.8,131.36
413,2024-10-17,NIFTY 50,PUT (PE),24800,1,75,24820.09,95.0,125.83,70.24,2312.25,40.0,9.44,17.2,66.64,2245.61,TARGET_1_HIT,-8250.33,33471.8,124.65
414,2024-10-18,NIFTY 50,CALL (CE),24800,1,75,24789.45,95.0,60.69,-62.53,-2573.25,40.0,4.55,14.31,58.86,-2632.11,STOP_LOSS_HIT,-10882.44,33471.8,132.51
415,2024-10-21,NIFTY 50,PUT (PE),24750,1,75,24770.2,95.0,62.5,-58.75,-2437.5,40.0,4.69,14.39,59.08,-2496.58,STOP_LOSS_HIT,-13379.02,33471.8,139.97
416,2024-10-22,NIFTY 50,PUT (PE),24600,1,75,24579.02,95.0,149.51,106.92,4088.25,40.0,11.21,18.25,69.46,4018.79,TARGET_1_HIT,-9360.23,33471.8,127.96
417,2024-10-23,NIFTY 50,PUT (PE),24450,1,75,24446.21,95.0,69.12,-44.96,-1941.0,40.0,5.18,14.68,59.86,-2000.86,STOP_LOSS_HIT,-11361.09,33471.8,133.94
418,2024-10-25,NIFTY 50,PUT (PE),24200,1,75,24185.47,95.0,93.27,4.67,-129.75,40.0,7.0,15.75,62.75,-192.5,TARGET_1_HIT,-11553.59,33471.8,134.52
419,2024-10-28,NIFTY 50,CALL (CE),24400,1,75,24383.71,95.0,93.83,5.69,-87.75,40.0,7.04,15.77,62.81,-150.56,TARGET_1_HIT,-11704.15,33471.8,134.97
420,2024-10-29,NIFTY 50,CALL (CE),24400,1,75,24379.97,95.0,58.4,-67.3,-2745.0,40.0,4.38,14.21,58.59,-2803.59,STOP_LOSS_HIT,-14507.74,33471.8,143.34
421,2024-11-04,NIFTY 50,PUT (PE),23950,1,75,23969.34,95.0,76.39,-26.01,-1395.75,40.0,5.73,15.01,60.74,-1456.49,TARGET_1_HIT,-15964.23,33471.8,147.69
422,2024-11-05,NIFTY 50,CALL (CE),24100,1,75,24111.3,95.0,54.51,-75.4,-3036.75,40.0,4.09,14.04,58.13,-3094.88,STOP_LOSS_HIT,-19059.11,33471.8,156.94
423,2024-11-06,NIFTY 50,CALL (CE),24450,1,75,24436.2,95.0,117.02,47.85,1651.5,40.0,8.78,16.81,65.59,1585.91,TARGET_1_HIT,-17473.2,33471.8,152.2
424,2024-11-07,NIFTY 50,PUT (PE),24300,1,75,24277.58,95.0,56.66,-63.62,-2875.5,40.0,4.25,14.13,58.38,-2933.88,STOP_LOSS_HIT,-20407.08,33471.8,160.97
425,2024-11-08,NIFTY 50,PUT (PE),24150,1,75,24129.6,95.0,115.51,45.11,1538.25,40.0,8.66,16.74,65.4,1472.85,TARGET_1_HIT,-18934.23,33471.8,156.57
426,2024-11-11,NIFTY 50,PUT (PE),24100,1,75,24105.58,95.0,120.61,54.39,1920.75,40.0,9.05,16.98,66.03,1854.72,TARGET_1_HIT,-17079.51,33471.8,151.03
427,2024-11-12,NIFTY 50,PUT (PE),23950,1,75,23962.03,95.0,53.0,-78.55,-3150.0,40.0,3.98,13.97,57.95,-3207.95,STOP_LOSS_HIT,-20287.46,33471.8,160.61
428,2024-11-13,NIFTY 50,PUT (PE),23600,1,75,23620.44,95.0,124.46,61.39,2209.5,40.0,9.33,17.14,66.47,2143.03,TARGET_1_HIT,-18144.43,33471.8,154.21
429,2024-11-18,NIFTY 50,PUT (PE),23450,1,75,23427.88,95.0,121.16,55.38,1962.0,40.0,9.09,17.0,66.09,1895.91,TARGET_1_HIT,-16248.52,33471.8,148.54
430,2024-11-19,NIFTY 50,PUT (PE),23550,1,75,23560.71,95.0,60.93,-62.02,-2555.25,40.0,4.57,14.32,58.89,-2614.14,STOP_LOSS_HIT,-18862.66,33471.8,156.35
431,2024-11-21,NIFTY 50,PUT (PE),23350,1,75,23336.84,95.0,122.79,64.71,2084.25,40.0,9.21,17.07,66.28,2017.97,TARGET_1_HIT,-16844.69,33471.8,150.33
432,2024-11-22,NIFTY 50,CALL (CE),23750,1,75,23773.0,95.0,164.54,134.25,5215.5,40.0,12.34,18.91,71.25,5144.25,TARGET_1_HIT,-11700.44,33471.8,134.96
433,2024-11-25,NIFTY 50,PUT (PE),24200,1,75,24200.44,95.0,70.03,-43.06,-1872.75,40.0,5.25,14.72,59.97,-1932.72,STOP_LOSS_HIT,-13633.16,33471.8,140.73
434,2024-11-26,NIFTY 50,PUT (PE),24200,1,75,24190.95,95.0,69.87,-43.4,-1884.75,40.0,5.24,14.71,59.95,-1944.7,STOP_LOSS_HIT,-15577.86,33471.8,146.54
435,2024-11-27,NIFTY 50,CALL (CE),24300,1,75,24291.79,95.0,104.42,24.95,706.5,40.0,7.83,16.25,64.08,642.42,TARGET_1_HIT,-14935.44,33471.8,144.62
436,2024-11-28,NIFTY 50,PUT (PE),24000,1,75,24017.79,95.0,144.2,103.64,3690.0,40.0,10.81,18.01,68.82,3621.18,TARGET_1_HIT,-11314.26,33471.8,133.8
437,2024-11-29,NIFTY 50,CALL (CE),24100,1,75,24109.45,95.0,65.91,-51.65,-2181.75,40.0,4.94,14.54,59.48,-2241.23,STOP_LOSS_HIT,-13555.49,33471.8,140.5
438,2024-12-02,NIFTY 50,CALL (CE),24200,1,75,24212.85,95.0,125.46,63.2,2284.5,40.0,9.41,17.19,66.6,2217.9,TARGET_1_HIT,-11337.59,33471.8,133.87
439,2024-12-05,NIFTY 50,CALL (CE),24700,1,75,24685.47,95.0,99.81,22.93,360.75,40.0,7.49,16.04,63.53,297.22,TARGET_1_HIT,-11040.37,33471.8,132.98
440,2024-12-13,NIFTY 50,CALL (CE),24600,1,75,24604.74,95.0,180.66,163.56,6424.5,40.0,13.55,19.63,73.18,6351.32,TARGET_1_HIT,-4689.05,33471.8,114.01
441,2024-12-17,NIFTY 50,PUT (PE),24400,1,75,24400.85,95.0,126.37,64.85,2352.75,40.0,9.48,17.22,66.7,2286.05,TARGET_1_HIT,-2403.0,33471.8,107.18
442,2024-12-18,NIFTY 50,PUT (PE),24200,1,75,24223.68,95.0,104.36,24.83,702.0,40.0,7.83,16.25,64.08,637.92,TARGET_1_HIT,-1765.08,33471.8,105.27
443,2024-12-20,NIFTY 50,PUT (PE),23700,1,75,23699.17,95.0,152.12,111.67,4284.0,40.0,11.41,18.37,69.78,4214.22,TARGET_1_HIT,2449.14,33471.8,92.68
444,2024-12-23,NIFTY 50,PUT (PE),23700,1,75,23714.13,95.0,69.46,-44.24,-1915.5,40.0,5.21,14.7,59.91,-1975.41,STOP_LOSS_HIT,473.73,33471.8,98.58
445,2024-12-30,NIFTY 50,PUT (PE),23700,1,75,23695.28,95.0,118.41,50.38,1755.75,40.0,8.88,16.87,65.75,1690.0,TARGET_1_HIT,2163.73,33471.8,93.54
446,2024-12-31,NIFTY 50,CALL (CE),23600,1,75,23620.74,95.0,68.82,-45.59,-1963.5,40.0,5.16,14.67,59.83,-2023.33,STOP_LOSS_HIT,140.4,33471.8,99.58
447,2025-01-01,NIFTY 50,CALL (CE),23750,1,75,23744.2,95.0,66.03,-51.4,-2172.75,40.0,4.95,14.55,59.5,-2232.25,STOP_LOSS_HIT,-2091.85,33471.8,106.25
448,2025-01-02,NIFTY 50,CALL (CE),24100,1,75,24081.4,95.0,146.19,107.25,3839.25,40.0,10.96,18.1,69.06,3770.19,TARGET_1_HIT,1678.34,33471.8,94.99
449,2025-01-03,NIFTY 50,PUT (PE),24050,1,75,24042.34,95.0,69.64,-43.88,-1902.0,40.0,5.22,14.7,59.92,-1961.92,STOP_LOSS_HIT,-283.58,33471.8,100.85
450,2025-01-06,NIFTY 50,PUT (PE),23700,1,75,23716.7,95.0,146.06,100.65,3829.5,40.0,10.95,18.1,69.05,3760.45,TARGET_1_HIT,3476.87,33471.8,89.61
451,2025-01-08,NIFTY 50,CALL (CE),23650,1,75,23674.58,95.0,66.42,-50.58,-2143.5,40.0,4.98,14.56,59.54,-2203.04,STOP_LOSS_HIT,1273.83,33471.8,96.19
452,2025-01-10,NIFTY 50,PUT (PE),23400,1,75,23420.55,95.0,109.39,33.98,1079.25,40.0,8.2,16.47,64.67,1014.58,TARGET_1_HIT,2288.41,33471.8,93.16
453,2025-01-13,NIFTY 50,PUT (PE),23150,1,75,23136.3,95.0,118.39,50.35,1754.25,40.0,8.88,16.87,65.75,1688.5,TARGET_1_HIT,3976.91,33471.8,88.12
454,2025-01-20,NIFTY 50,CALL (CE),23300,1,75,23324.76,95.0,126.75,65.54,2381.25,40.0,9.51,17.25,66.76,2314.49,TARGET_1_HIT,6291.4,33471.8,81.2
455,2025-01-21,NIFTY 50,PUT (PE),23100,1,75,23114.18,95.0,139.94,89.53,3370.5,40.0,10.5,17.83,68.33,3302.17,TARGET_1_HIT,9593.57,33471.8,71.34
456,2025-01-24,NIFTY 50,PUT (PE),23150,1,75,23140.16,95.0,117.08,47.96,1656.0,40.0,8.78,16.81,65.59,1590.41,TARGET_1_HIT,11183.98,33471.8,66.59
457,2025-01-27,NIFTY 50,PUT (PE),22850,1,75,22853.27,95.0,103.97,24.12,672.75,40.0,7.8,16.22,64.02,608.73,TARGET_1_HIT,11792.71,33471.8,64.77
458,2025-01-28,NIFTY 50,PUT (PE),22950,1,75,22942.54,95.0,64.18,-55.26,-2311.5,40.0,4.81,14.46,59.27,-2370.77,STOP_LOSS_HIT,9421.94,33471.8,71.85
459,2025-01-29,NIFTY 50,CALL (CE),23100,1,75,23121.23,95.0,70.87,-41.31,-1809.75,40.0,5.32,14.76,60.08,-1869.83,STOP_LOSS_HIT,7552.11,33471.8,77.44
460,2025-01-31,NIFTY 50,CALL (CE),23450,1,75,23465.29,95.0,114.41,43.11,1455.75,40.0,8.58,16.69,65.27,1390.48,TARGET_1_HIT,8942.59,33471.8,73.28
461,2025-02-01,NIFTY 50,CALL (CE),23550,1,75,23537.06,95.0,131.37,73.94,2727.75,40.0,9.85,17.45,67.3,2660.45,TARGET_1_HIT,11603.04,33471.8,65.33
462,2025-02-04,NIFTY 50,CALL (CE),23650,1,75,23659.47,95.0,134.58,79.78,2968.5,40.0,10.09,17.59,67.68,2900.82,TARGET_1_HIT,14503.86,33471.8,56.67
463,2025-02-06,NIFTY 50,PUT (PE),23600,1,75,23621.61,95.0,98.44,20.44,258.0,40.0,7.38,15.98,63.36,194.64,TARGET_1_HIT,14698.5,33471.8,56.09
464,2025-02-07,NIFTY 50,PUT (PE),23500,1,75,23519.1,95.0,92.84,3.89,-162.0,40.0,6.96,15.73,62.69,-224.69,TARGET_1_HIT,14473.81,33471.8,56.76
465,2025-02-10,NIFTY 50,PUT (PE),23400,1,75,23392.51,95.0,66.73,-49.94,-2120.25,40.0,5.0,14.57,59.57,-2179.82,STOP_LOSS_HIT,12293.99,33471.8,63.27
466,2025-02-11,NIFTY 50,PUT (PE),23100,1,75,23109.7,95.0,111.54,37.9,1240.5,40.0,8.37,16.57,64.94,1175.56,TARGET_1_HIT,13469.55,33471.8,59.76
467,2025-02-12,NIFTY 50,CALL (CE),23050,1,75,23039.33,95.0,58.15,-67.81,-2763.75,40.0,4.36,14.19,58.55,-2822.3,STOP_LOSS_HIT,10647.25,33471.8,68.19
468,2025-02-13,NIFTY 50,PUT (PE),23050,1,75,23065.62,95.0,64.05,-48.23,-2321.25,40.0,4.8,14.45,59.25,-2380.5,STOP_LOSS_HIT,8266.75,33471.8,75.3
469,2025-02-14,NIFTY 50,PUT (PE),22900,1,75,22884.09,95.0,113.26,41.02,1369.5,40.0,8.49,16.65,65.14,1304.36,TARGET_1_HIT,9571.11,33471.8,71.41
470,2025-02-17,NIFTY 50,CALL (CE),22900,1,75,22899.09,95.0,67.05,-49.27,-2096.25,40.0,5.03,14.59,59.62,-2155.87,STOP_LOSS_HIT,7415.24,33471.8,77.85
471,2025-02-19,NIFTY 50,CALL (CE),23000,1,75,22979.07,95.0,115.8,45.63,1560.0,40.0,8.69,16.75,65.44,1494.56,TARGET_1_HIT,8909.8,33471.8,73.38
472,2025-02-21,NIFTY 50,PUT (PE),22800,1,75,22780.52,95.0,95.3,8.37,22.5,40.0,7.15,15.84,62.99,-40.49,TARGET_1_HIT,8869.31,33471.8,73.5
473,2025-02-28,NIFTY 50,PUT (PE),22200,1,75,22209.95,95.0,137.59,85.25,3194.25,40.0,10.32,17.72,68.04,3126.21,TARGET_1_HIT,11995.52,33471.8,64.16
474,2025-03-03,NIFTY 50,PUT (PE),22100,1,75,22082.32,95.0,66.31,-50.81,-2151.75,40.0,4.97,14.56,59.53,-2211.28,STOP_LOSS_HIT,9784.24,33471.8,70.77
475,2025-03-05,NIFTY 50,CALL (CE),22300,1,75,22295.5,95.0,113.69,41.8,1401.75,40.0,8.53,16.67,65.2,1336.55,TARGET_1_HIT,11120.79,33471.8,66.78
476,2025-03-06,NIFTY 50,CALL (CE),22450,1,75,22462.16,95.0,132.6,82.54,2820.0,40.0,9.95,17.5,67.45,2752.55,TARGET_1_HIT,13873.34,33471.8,58.55
477,2025-03-10,NIFTY 50,PUT (PE),22500,1,75,22503.84,95.0,114.65,43.54,1473.75,40.0,8.6,16.71,65.31,1408.44,TARGET_1_HIT,15281.78,33471.8,54.34
478,2025-03-11,NIFTY 50,CALL (CE),22450,1,75,22459.81,95.0,70.82,-41.41,-1813.5,40.0,5.31,14.76,60.07,-1873.57,STOP_LOSS_HIT,13408.21,33471.8,59.94
479,2025-03-12,NIFTY 50,CALL (CE),22500,1,75,22502.57,95.0,130.59,72.53,2669.25,40.0,9.79,17.41,67.2,2602.05,TARGET_1_HIT,16010.26,33471.8,52.17
480,2025-03-17,NIFTY 50,CALL (CE),22500,1,75,22509.61,95.0,91.49,1.44,-263.25,40.0,6.86,15.67,62.53,-325.78,TARGET_1_HIT,15684.48,33471.8,53.14
481,2025-03-18,NIFTY 50,CALL (CE),22800,1,75,22779.63,95.0,120.77,54.67,1932.75,40.0,9.06,16.98,66.04,1866.71,TARGET_1_HIT,17551.19,33471.8,47.56
482,2025-03-20,NIFTY 50,CALL (CE),23150,1,75,23143.45,95.0,113.16,47.2,1362.0,40.0,8.49,16.65,65.14,1296.86,TARGET_1_HIT,18848.05,33471.8,43.69
483,2025-03-21,NIFTY 50,CALL (CE),23300,1,75,23321.03,95.0,117.55,48.82,1691.25,40.0,8.82,16.83,65.65,1625.6,TARGET_1_HIT,20473.65,33471.8,38.83
484,2025-03-24,NIFTY 50,CALL (CE),23650,1,75,23625.42,95.0,108.81,32.93,1035.75,40.0,8.16,16.45,64.61,971.14,TARGET_1_HIT,21444.79,33471.8,35.93
485,2025-03-25,NIFTY 50,PUT (PE),23700,1,75,23682.54,95.0,65.28,-52.96,-2229.0,40.0,4.9,14.51,59.41,-2288.41,STOP_LOSS_HIT,19156.38,33471.8,42.77
486,2025-03-26,NIFTY 50,PUT (PE),23550,1,75,23537.99,95.0,63.77,-56.11,-2342.25,40.0,4.78,14.44,59.22,-2401.47,STOP_LOSS_HIT,16754.91,33471.8,49.94
487,2025-03-27,NIFTY 50,CALL (CE),23600,1,75,23575.83,95.0,64.88,-46.51,-2259.0,40.0,4.87,14.5,59.37,-2318.37,STOP_LOSS_HIT,14436.54,33471.8,56.87
488,2025-04-01,NIFTY 50,PUT (PE),23250,1,75,23267.31,95.0,146.59,101.61,3869.25,40.0,10.99,18.12,69.11,3800.14,TARGET_1_HIT,18236.68,33471.8,45.52
489,2025-04-04,NIFTY 50,PUT (PE),22950,1,75,22966.2,95.0,124.66,61.75,2224.5,40.0,9.35,17.15,66.5,2158.0,TARGET_1_HIT,20394.68,33471.8,39.07
490,2025-04-07,NIFTY 50,CALL (CE),22100,1,75,22097.79,95.0,43.2,-98.96,-3885.0,40.0,3.24,13.53,56.77,-3941.77,STOP_LOSS_HIT,16452.91,33471.8,50.85
491,2025-04-08,NIFTY 50,CALL (CE),22550,1,75,22567.03,95.0,88.72,-3.6,-471.0,40.0,6.65,15.55,62.2,-533.2,TARGET_1_HIT,15919.71,33471.8,52.44
492,2025-04-11,NIFTY 50,CALL (CE),22850,1,75,22855.07,95.0,76.11,-26.52,-1416.75,40.0,5.71,14.99,60.7,-1477.45,TARGET_1_HIT,14442.26,33471.8,56.85
493,2025-04-17,NIFTY 50,CALL (CE),23700,1,75,23696.47,95.0,172.55,155.18,5816.25,40.0,12.94,19.27,72.21,5744.04,TARGET_1_HIT,20186.3,33471.8,39.69
494,2025-04-21,NIFTY 50,CALL (CE),24100,1,75,24102.92,95.0,63.67,-56.32,-2349.75,40.0,4.78,14.44,59.22,-2408.97,STOP_LOSS_HIT,17777.33,33471.8,46.89
495,2025-04-23,NIFTY 50,CALL (CE),24300,1,75,24287.1,95.0,114.97,44.12,1497.75,40.0,8.62,16.72,65.34,1432.41,TARGET_1_HIT,19209.74,33471.8,42.61
496,2025-04-25,NIFTY 50,PUT (PE),24000,1,75,24006.31,95.0,72.53,-33.04,-1685.25,40.0,5.44,14.83,60.27,-1745.52,TARGET_1_HIT,17464.22,33471.8,47.82
497,2025-04-28,NIFTY 50,CALL (CE),24250,1,75,24263.77,95.0,126.3,64.73,2347.5,40.0,9.47,17.22,66.69,2280.81,TARGET_1_HIT,19745.03,33471.8,41.01
498,2025-05-02,NIFTY 50,PUT (PE),24350,1,75,24345.2,95.0,57.76,-68.63,-2793.0,40.0,4.33,14.18,58.51,-2851.51,STOP_LOSS_HIT,16893.52,33471.8,49.53
499,2025-05-07,NIFTY 50,CALL (CE),24400,1,75,24380.42,95.0,68.8,-45.62,-1965.0,40.0,5.16,14.67,59.83,-2024.83,STOP_LOSS_HIT,14868.69,33471.8,55.58
500,2025-05-08,NIFTY 50,PUT (PE),24250,1,75,24240.28,95.0,59.15,-58.44,-2688.75,40.0,4.44,14.24,58.68,-2747.43,STOP_LOSS_HIT,12121.26,33471.8,63.79
501,2025-05-09,NIFTY 50,PUT (PE),24000,1,75,24004.58,95.0,96.87,11.21,140.25,40.0,7.27,15.92,63.19,77.06,TARGET_1_HIT,12198.32,33471.8,63.56
502,2025-05-12,NIFTY 50,CALL (CE),24750,1,75,24771.36,95.0,175.04,153.34,6003.0,40.0,13.13,19.38,72.51,5930.49,TARGET_1_HIT,18128.81,33471.8,45.84
503,2025-05-13,NIFTY 50,PUT (PE),24700,1,75,24677.65,95.0,158.65,123.55,4773.75,40.0,11.9,18.65,70.55,4703.2,TARGET_1_HIT,22832.01,33471.8,31.79
504,2025-05-14,NIFTY 50,CALL (CE),24700,1,75,24697.63,95.0,68.58,-46.08,-1981.5,40.0,5.14,14.65,59.79,-2041.29,STOP_LOSS_HIT,20790.72,33471.8,37.89
505,2025-05-15,NIFTY 50,CALL (CE),24950,1,75,24925.49,95.0,162.34,136.61,5050.5,40.0,12.18,18.82,71.0,4979.5,TARGET_1_HIT,25770.22,33471.8,23.01
506,2025-05-20,NIFTY 50,PUT (PE),24750,1,75,24773.3,95.0,139.87,89.4,3365.25,40.0,10.49,17.83,68.32,3296.93,TARGET_1_HIT,29067.15,33471.8,13.16
507,2025-05-21,NIFTY 50,PUT (PE),24750,1,75,24764.21,95.0,65.95,-51.56,-2178.75,40.0,4.95,14.55,59.5,-2238.25,STOP_LOSS_HIT,26828.9,33471.8,19.85
508,2025-05-22,NIFTY 50,CALL (CE),24650,1,75,24654.22,95.0,61.15,-54.27,-2538.75,40.0,4.59,14.33,58.92,-2597.67,STOP_LOSS_HIT,24231.23,33471.8,27.61
509,2025-05-23,NIFTY 50,CALL (CE),24800,1,75,24819.6,95.0,122.99,58.7,2099.25,40.0,9.22,17.07,66.29,2032.96,TARGET_1_HIT,26264.19,33471.8,21.53
510,2025-05-27,NIFTY 50,PUT (PE),24800,1,75,24813.33,95.0,89.83,-1.59,-387.75,40.0,6.74,15.6,62.34,-450.09,TARGET_1_HIT,25814.1,33471.8,22.88
511,2025-05-29,NIFTY 50,CALL (CE),24850,1,75,24827.86,95.0,90.36,5.74,-348.0,40.0,6.78,15.62,62.4,-410.4,TARGET_1_HIT,25403.7,33471.8,24.1
512,2025-06-02,NIFTY 50,CALL (CE),24700,1,75,24685.64,95.0,68.92,-45.36,-1956.0,40.0,5.17,14.68,59.85,-2015.85,STOP_LOSS_HIT,23387.85,33471.8,30.13
513,2025-06-03,NIFTY 50,PUT (PE),24600,1,75,24606.46,95.0,125.88,63.96,2316.0,40.0,9.44,17.2,66.64,2249.36,TARGET_1_HIT,25637.21,33471.8,23.41
514,2025-06-05,NIFTY 50,PUT (PE),24700,1,75,24699.99,95.0,60.09,-56.48,-2618.25,40.0,4.51,14.29,58.8,-2677.05,STOP_LOSS_HIT,22960.16,33471.8,31.4
515,2025-06-06,NIFTY 50,CALL (CE),24900,1,75,24920.5,95.0,57.09,-70.03,-2843.25,40.0,4.28,14.15,58.43,-2901.68,STOP_LOSS_HIT,20058.48,33471.8,40.07
516,2025-06-12,NIFTY 50,PUT (PE),24950,1,75,24938.69,95.0,114.97,50.49,1497.75,40.0,8.62,16.72,65.34,1432.41,TARGET_1_HIT,21490.89,33471.8,35.79
517,2025-06-13,NIFTY 50,CALL (CE),24650,1,75,24669.13,95.0,64.08,-55.46,-2319.0,40.0,4.81,14.46,59.27,-2378.27,STOP_LOSS_HIT,19112.62,33471.8,42.9
518,2025-06-16,NIFTY 50,CALL (CE),24900,1,75,24887.41,95.0,123.2,59.09,2115.0,40.0,9.24,17.08,66.32,2048.68,TARGET_1_HIT,21161.3,33471.8,36.78
519,2025-06-20,NIFTY 50,CALL (CE),25050,1,75,25028.91,95.0,136.62,83.49,3121.5,40.0,10.25,17.68,67.93,3053.57,TARGET_1_HIT,24214.87,33471.8,27.66
520,2025-06-23,NIFTY 50,CALL (CE),25000,1,75,24987.03,95.0,68.57,-46.11,-1982.25,40.0,5.14,14.65,59.79,-2042.04,STOP_LOSS_HIT,22172.83,33471.8,33.76
521,2025-06-24,NIFTY 50,PUT (PE),25100,1,75,25096.28,95.0,60.74,-62.42,-2569.5,40.0,4.56,14.31,58.87,-2628.37,STOP_LOSS_HIT,19544.46,33471.8,41.61
522,2025-06-26,NIFTY 50,CALL (CE),25450,1,75,25472.63,95.0,129.2,76.37,2565.0,40.0,9.69,17.35,67.04,2497.96,TARGET_1_HIT,22042.42,33471.8,34.15
523,2025-07-02,NIFTY 50,PUT (PE),25450,1,75,25447.85,95.0,87.65,-5.55,-551.25,40.0,6.57,15.5,62.07,-613.32,TARGET_1_HIT,21429.1,33471.8,35.98
524,2025-07-18,NIFTY 50,PUT (PE),25000,1,75,24986.69,95.0,100.76,18.29,432.0,40.0,7.56,16.08,63.64,368.36,TARGET_1_HIT,21797.46,33471.8,34.88
525,2025-07-21,NIFTY 50,CALL (CE),25050,1,75,25042.38,95.0,123.74,60.07,2155.5,40.0,9.28,17.11,66.39,2089.11,TARGET_1_HIT,23886.57,33471.8,28.64
526,2025-07-24,NIFTY 50,PUT (PE),25100,1,75,25087.24,95.0,117.79,55.61,1709.25,40.0,8.83,16.85,65.68,1643.57,TARGET_1_HIT,25530.14,33471.8,23.73
527,2025-07-28,NIFTY 50,PUT (PE),24700,1,75,24719.81,95.0,112.28,39.24,1296.0,40.0,8.42,16.6,65.02,1230.98,TARGET_1_HIT,26761.12,33471.8,20.05
528,2025-07-29,NIFTY 50,CALL (CE),24750,1,75,24772.1,95.0,123.21,59.1,2115.75,40.0,9.24,17.08,66.32,2049.43,TARGET_1_HIT,28810.55,33471.8,13.93
529,2025-07-31,NIFTY 50,PUT (PE),24750,1,75,24732.67,95.0,98.16,19.92,237.0,40.0,7.36,15.96,63.32,173.68,TARGET_1_HIT,28984.23,33471.8,13.41
530,2025-08-01,NIFTY 50,PUT (PE),24600,1,75,24610.27,95.0,67.02,-49.33,-2098.5,40.0,5.03,14.59,59.62,-2158.12,STOP_LOSS_HIT,26826.11,33471.8,19.85
531,2025-08-07,NIFTY 50,CALL (CE),24550,1,75,24546.28,95.0,59.79,-57.11,-2640.75,40.0,4.48,14.26,58.74,-2699.49,STOP_LOSS_HIT,24126.62,33471.8,27.92
532,2025-08-08,NIFTY 50,PUT (PE),24400,1,75,24412.38,95.0,67.12,-49.12,-2091.0,40.0,5.03,14.59,59.62,-2150.62,STOP_LOSS_HIT,21976.0,33471.8,34.34
533,2025-08-11,NIFTY 50,CALL (CE),24500,1,75,24524.3,95.0,66.63,-50.15,-2127.75,40.0,5.0,14.57,59.57,-2187.32,STOP_LOSS_HIT,19788.68,33471.8,40.88
534,2025-08-12,NIFTY 50,PUT (PE),24550,1,75,24537.1,95.0,68.13,-47.03,-2015.25,40.0,5.11,14.64,59.75,-2075.0,STOP_LOSS_HIT,17713.68,33471.8,47.08
535,2025-08-22,NIFTY 50,PUT (PE),24950,1,75,24927.12,95.0,122.06,57.02,2029.5,40.0,9.15,17.04,66.19,1963.31,TARGET_1_HIT,19676.99,33471.8,41.21
536,2025-08-26,NIFTY 50,PUT (PE),24750,1,75,24758.92,95.0,116.48,46.87,1611.0,40.0,8.74,16.79,65.53,1545.47,TARGET_1_HIT,21222.46,33471.8,36.6
537,2025-08-28,NIFTY 50,PUT (PE),24550,1,75,24548.13,95.0,113.18,47.23,1363.5,40.0,8.49,16.65,65.14,1298.36,TARGET_1_HIT,22520.82,33471.8,32.72
538,2025-09-02,NIFTY 50,PUT (PE),24600,1,75,24592.81,95.0,68.42,-46.41,-1993.5,40.0,5.13,14.65,59.78,-2053.28,STOP_LOSS_HIT,20467.54,33471.8,38.85
539,2025-09-04,NIFTY 50,PUT (PE),24800,1,75,24790.69,95.0,61.38,-53.78,-2521.5,40.0,4.6,14.34,58.94,-2580.44,STOP_LOSS_HIT,17887.1,33471.8,46.56
540,2025-09-05,NIFTY 50,CALL (CE),24750,1,75,24769.02,95.0,70.52,-42.05,-1836.0,40.0,5.29,14.75,60.04,-1896.04,STOP_LOSS_HIT,15991.06,33471.8,52.23
541,2025-09-25,NIFTY 50,PUT (PE),24950,1,75,24942.76,95.0,115.75,51.91,1556.25,40.0,8.68,16.75,65.43,1490.82,TARGET_1_HIT,17481.88,33471.8,47.77
542,2025-09-26,NIFTY 50,PUT (PE),24700,1,75,24701.59,95.0,116.49,46.89,1611.75,40.0,8.74,16.79,65.53,1546.22,TARGET_1_HIT,19028.1,33471.8,43.15
543,2025-10-01,NIFTY 50,CALL (CE),24800,1,75,24788.73,95.0,116.86,47.57,1639.5,40.0,8.76,16.8,65.56,1573.94,TARGET_1_HIT,20602.04,33471.8,38.45
544,2025-10-06,NIFTY 50,CALL (CE),25050,1,75,25031.52,95.0,116.07,46.13,1580.25,40.0,8.71,16.77,65.48,1514.77,TARGET_1_HIT,22116.81,33471.8,33.92
545,2025-10-14,NIFTY 50,PUT (PE),25150,1,75,25135.99,95.0,110.14,35.34,1135.5,40.0,8.26,16.5,64.76,1070.74,TARGET_1_HIT,23187.55,33471.8,30.73
546,2025-10-16,NIFTY 50,CALL (CE),25550,1,75,25550.35,95.0,106.42,34.95,856.5,40.0,7.98,16.34,64.32,792.18,TARGET_1_HIT,23979.73,33471.8,28.36
547,2025-10-17,NIFTY 50,CALL (CE),25700,1,75,25698.9,95.0,134.06,78.83,2929.5,40.0,10.05,17.57,67.62,2861.88,TARGET_1_HIT,26841.61,33471.8,19.81
548,2025-10-23,NIFTY 50,PUT (PE),25950,1,75,25935.39,95.0,64.19,-47.93,-2310.75,40.0,4.81,14.46,59.27,-2370.02,STOP_LOSS_HIT,24471.59,33471.8,26.89
549,2025-10-24,NIFTY 50,PUT (PE),25800,1,75,25786.24,95.0,69.13,-44.93,-1940.25,40.0,5.18,14.68,59.86,-2000.11,STOP_LOSS_HIT,22471.48,33471.8,32.86
550,2025-10-28,NIFTY 50,CALL (CE),25950,1,75,25971.89,95.0,127.61,67.11,2445.75,40.0,9.57,17.28,66.85,2378.9,TARGET_1_HIT,24850.38,33471.8,25.76
551,2025-10-31,NIFTY 50,PUT (PE),25800,1,75,25784.39,95.0,124.96,62.29,2247.0,40.0,9.37,17.16,66.53,2180.47,TARGET_1_HIT,27030.85,33471.8,19.24
552,2025-11-07,NIFTY 50,CALL (CE),25500,1,75,25481.08,95.0,68.51,-46.23,-1986.75,40.0,5.14,14.65,59.79,-2046.54,STOP_LOSS_HIT,24984.31,33471.8,25.36
553,2025-11-11,NIFTY 50,CALL (CE),25650,1,75,25635.17,95.0,123.58,59.78,2143.5,40.0,9.27,17.11,66.38,2077.12,TARGET_1_HIT,27061.43,33471.8,19.15
554,2025-11-24,NIFTY 50,PUT (PE),26000,1,75,25981.65,95.0,102.88,22.15,591.0,40.0,7.72,16.18,63.9,527.1,TARGET_1_HIT,27588.53,33471.8,17.58
555,2025-11-26,NIFTY 50,CALL (CE),26100,1,75,26101.77,95.0,147.64,103.53,3948.0,40.0,11.07,18.17,69.24,3878.76,TARGET_1_HIT,31467.29,33471.8,5.99
556,2025-12-08,NIFTY 50,PUT (PE),26000,1,75,25979.05,95.0,130.03,71.5,2627.25,40.0,9.75,17.39,67.14,2560.11,TARGET_1_HIT,34027.4,34027.4,0.0
557,2025-12-11,NIFTY 50,CALL (CE),25850,1,75,25853.64,95.0,111.9,44.91,1267.5,40.0,8.39,16.59,64.98,1202.52,TARGET_1_HIT,35229.92,35229.92,0.0
558,2026-01-08,NIFTY 50,PUT (PE),25950,1,75,25941.62,95.0,122.82,64.77,2086.5,40.0,9.21,17.07,66.28,2020.22,TARGET_1_HIT,37250.14,37250.14,0.0
559,2026-01-09,NIFTY 50,PUT (PE),25700,1,75,25719.46,95.0,111.62,38.04,1246.5,40.0,8.37,16.57,64.94,1181.56,TARGET_1_HIT,38431.7,38431.7,0.0
560,2026-01-12,NIFTY 50,CALL (CE),25700,1,75,25709.83,95.0,58.75,-66.55,-2718.75,40.0,4.41,14.23,58.64,-2777.39,STOP_LOSS_HIT,35654.31,38431.7,7.23
561,2026-01-13,NIFTY 50,PUT (PE),25700,1,75,25693.22,95.0,62.7,-58.33,-2422.5,40.0,4.7,14.39,59.09,-2481.59,STOP_LOSS_HIT,33172.72,38431.7,13.68
562,2026-01-20,NIFTY 50,PUT (PE),25300,1,75,25297.58,95.0,126.49,65.08,2361.75,40.0,9.49,17.24,66.73,2295.02,TARGET_1_HIT,35467.74,38431.7,7.71
563,2026-01-21,NIFTY 50,CALL (CE),25200,1,75,25184.79,95.0,54.98,-74.42,-3001.5,40.0,4.12,14.05,58.17,-3059.67,STOP_LOSS_HIT,32408.07,38431.7,15.67
564,2026-01-22,NIFTY 50,PUT (PE),25250,1,75,25249.35,95.0,61.87,-52.78,-2484.75,40.0,4.64,14.36,59.0,-2543.75,STOP_LOSS_HIT,29864.32,38431.7,22.29
565,2026-01-23,NIFTY 50,PUT (PE),25100,1,75,25123.32,95.0,141.59,92.52,3494.25,40.0,10.62,17.9,68.52,3425.73,TARGET_1_HIT,33290.05,38431.7,13.38
566,2026-01-27,NIFTY 50,CALL (CE),25150,1,75,25151.28,95.0,61.09,-61.68,-2543.25,40.0,4.58,14.32,58.9,-2602.15,STOP_LOSS_HIT,30687.9,38431.7,20.15
567,2026-01-29,NIFTY 50,CALL (CE),25350,1,75,25367.66,95.0,115.38,51.24,1528.5,40.0,8.65,16.74,65.39,1463.11,TARGET_1_HIT,32151.01,38431.7,16.34
568,2026-02-02,NIFTY 50,CALL (CE),25000,1,75,24977.2,95.0,50.64,-83.45,-3327.0,40.0,3.8,13.86,57.66,-3384.66,STOP_LOSS_HIT,28766.35,38431.7,25.15
569,2026-02-03,NIFTY 50,PUT (PE),25850,1,75,25856.27,95.0,25.91,-134.98,-5181.75,40.0,1.94,12.77,54.71,-5236.46,STOP_LOSS_HIT,23529.89,38431.7,38.77
570,2026-02-04,NIFTY 50,CALL (CE),25750,1,75,25741.62,95.0,66.52,-50.37,-2136.0,40.0,4.99,14.57,59.56,-2195.56,STOP_LOSS_HIT,21334.33,38431.7,44.49
571,2026-02-16,NIFTY 50,CALL (CE),25600,1,75,25598.47,95.0,60.16,-63.62,-2613.0,40.0,4.51,14.29,58.8,-2671.8,STOP_LOSS_HIT,18662.53,38431.7,51.44
572,2026-02-19,NIFTY 50,PUT (PE),25550,1,75,25540.68,95.0,134.68,86.33,2976.0,40.0,10.1,17.59,67.69,2908.31,TARGET_1_HIT,21570.84,38431.7,43.87
573,2026-02-20,NIFTY 50,CALL (CE),25600,1,75,25577.57,95.0,63.86,-55.92,-2335.5,40.0,4.79,14.45,59.24,-2394.74,STOP_LOSS_HIT,19176.1,38431.7,50.1
574,2026-02-24,NIFTY 50,PUT (PE),25400,1,75,25423.0,95.0,89.79,-1.65,-390.75,40.0,6.73,15.6,62.33,-453.08,TARGET_1_HIT,18723.02,38431.7,51.28
575,2026-02-25,NIFTY 50,PUT (PE),25500,1,75,25495.76,95.0,69.27,-44.64,-1929.75,40.0,5.2,14.69,59.89,-1989.64,STOP_LOSS_HIT,16733.38,38431.7,56.46
576,2026-02-27,NIFTY 50,PUT (PE),25250,1,75,25243.18,95.0,126.19,64.53,2339.25,40.0,9.46,17.21,66.67,2272.58,TARGET_1_HIT,19005.96,38431.7,50.55
577,2026-03-02,NIFTY 50,CALL (CE),24850,1,75,24871.74,95.0,54.55,-75.32,-3033.75,40.0,4.09,14.04,58.13,-3091.88,STOP_LOSS_HIT,15914.08,38431.7,58.59
578,2026-03-04,NIFTY 50,CALL (CE),24500,1,75,24512.36,95.0,62.65,-58.44,-2426.25,40.0,4.7,14.39,59.09,-2485.34,STOP_LOSS_HIT,13428.74,38431.7,65.06
579,2026-03-05,NIFTY 50,CALL (CE),24750,1,75,24755.51,95.0,92.91,10.39,-156.75,40.0,6.97,15.74,62.71,-219.46,TARGET_1_HIT,13209.28,38431.7,65.63
580,2026-03-06,NIFTY 50,PUT (PE),24500,1,75,24502.15,95.0,63.74,-56.18,-2344.5,40.0,4.78,14.44,59.22,-2403.72,STOP_LOSS_HIT,10805.56,38431.7,71.88
581,2026-03-09,NIFTY 50,CALL (CE),23950,1,75,23962.24,95.0,55.05,-74.26,-2996.25,40.0,4.13,14.06,58.19,-3054.44,STOP_LOSS_HIT,7751.12,38431.7,79.83
582,2026-03-10,NIFTY 50,CALL (CE),24250,1,75,24236.41,95.0,69.32,-44.53,-1926.0,40.0,5.2,14.69,59.89,-1985.89,STOP_LOSS_HIT,5765.23,38431.7,85.0
583,2026-03-11,NIFTY 50,PUT (PE),24000,1,75,23976.36,95.0,150.93,109.51,4194.75,40.0,11.32,18.31,69.63,4125.12,TARGET_1_HIT,9890.35,38431.7,74.27
584,2026-03-12,NIFTY 50,PUT (PE),23650,1,75,23640.12,95.0,60.99,-54.61,-2550.75,40.0,4.57,14.32,58.89,-2609.64,STOP_LOSS_HIT,7280.71,38431.7,81.06
585,2026-03-13,NIFTY 50,PUT (PE),23250,1,75,23227.92,95.0,132.95,76.82,2846.25,40.0,9.97,17.52,67.49,2778.76,TARGET_1_HIT,10059.47,38431.7,73.83
586,2026-03-16,NIFTY 50,CALL (CE),23350,1,75,23334.51,95.0,131.56,74.29,2742.0,40.0,9.87,17.46,67.33,2674.67,TARGET_1_HIT,12734.14,38431.7,66.87
587,2026-03-17,NIFTY 50,CALL (CE),23550,1,75,23562.64,95.0,123.41,59.47,2130.75,40.0,9.26,17.09,66.35,2064.4,TARGET_1_HIT,14798.54,38431.7,61.49
588,2026-03-18,NIFTY 50,CALL (CE),23800,1,75,23788.67,95.0,118.04,49.71,1728.0,40.0,8.85,16.86,65.71,1662.29,TARGET_1_HIT,16460.83,38431.7,57.17
589,2026-03-19,NIFTY 50,PUT (PE),23050,1,75,23067.34,95.0,123.05,65.19,2103.75,40.0,9.23,17.08,66.31,2037.44,TARGET_1_HIT,18498.27,38431.7,51.87
590,2026-03-20,NIFTY 50,PUT (PE),23150,1,75,23151.64,95.0,64.43,-54.74,-2292.75,40.0,4.83,14.48,59.31,-2352.06,STOP_LOSS_HIT,16146.21,38431.7,57.99
591,2026-03-23,NIFTY 50,PUT (PE),22600,1,75,22587.19,95.0,131.7,74.54,2752.5,40.0,9.88,17.46,67.34,2685.16,TARGET_1_HIT,18831.37,38431.7,51.0
592,2026-03-24,NIFTY 50,CALL (CE),22950,1,75,22925.04,95.0,127.7,67.28,2452.5,40.0,9.58,17.28,66.86,2385.64,TARGET_1_HIT,21217.01,38431.7,44.79
593,2026-03-25,NIFTY 50,CALL (CE),23350,1,75,23342.68,95.0,70.77,-36.23,-1817.25,40.0,5.31,14.76,60.07,-1877.32,TARGET_1_HIT,19339.69,38431.7,49.68
594,2026-03-27,NIFTY 50,PUT (PE),22900,1,75,22920.83,95.0,146.38,101.23,3853.5,40.0,10.98,18.11,69.09,3784.41,TARGET_1_HIT,23124.1,38431.7,39.83
595,2026-03-30,NIFTY 50,PUT (PE),22400,1,75,22415.23,95.0,136.81,83.83,3135.75,40.0,10.26,17.68,67.94,3067.81,TARGET_1_HIT,26191.91,38431.7,31.85
596,2026-04-01,NIFTY 50,PUT (PE),22700,1,75,22716.64,95.0,60.31,-63.31,-2601.75,40.0,4.52,14.29,58.81,-2660.56,STOP_LOSS_HIT,23531.35,38431.7,38.77
597,2026-04-02,NIFTY 50,CALL (CE),22600,1,75,22598.38,95.0,31.54,-115.95,-4759.5,40.0,2.37,13.02,55.39,-4814.89,STOP_LOSS_HIT,18716.46,38431.7,51.3
598,2026-04-06,NIFTY 50,CALL (CE),22850,1,75,22859.18,95.0,150.69,109.07,4176.75,40.0,11.3,18.3,69.6,4107.15,TARGET_1_HIT,22823.61,38431.7,40.61
599,2026-04-07,NIFTY 50,CALL (CE),23000,1,75,23021.14,95.0,150.62,108.95,4171.5,40.0,11.3,18.3,69.6,4101.9,TARGET_1_HIT,26925.51,38431.7,29.94
600,2026-04-09,NIFTY 50,PUT (PE),23800,1,75,23776.27,95.0,99.62,22.59,346.5,40.0,7.47,16.03,63.5,283.0,TARGET_1_HIT,27208.51,38431.7,29.2
601,2026-04-10,NIFTY 50,CALL (CE),24000,1,75,24008.56,95.0,69.89,-43.36,-1883.25,40.0,5.24,14.71,59.95,-1943.2,STOP_LOSS_HIT,25265.31,38431.7,34.26
602,2026-04-13,NIFTY 50,CALL (CE),23800,1,75,23800.34,95.0,57.66,-68.84,-2800.5,40.0,4.32,14.17,58.49,-2858.99,STOP_LOSS_HIT,22406.32,38431.7,41.7
603,2026-04-16,NIFTY 50,PUT (PE),24200,1,75,24193.23,95.0,106.71,35.47,878.25,40.0,8.0,16.35,64.35,813.9,TARGET_1_HIT,23220.22,38431.7,39.58
604,2026-04-17,NIFTY 50,CALL (CE),24300,1,75,24288.39,95.0,132.4,75.81,2805.0,40.0,9.93,17.49,67.42,2737.58,TARGET_1_HIT,25957.8,38431.7,32.46
605,2026-04-20,NIFTY 50,CALL (CE),24400,1,75,24408.44,95.0,114.44,43.17,1458.0,40.0,8.58,16.69,65.27,1392.73,TARGET_1_HIT,27350.53,38431.7,28.83
606,2026-04-21,NIFTY 50,CALL (CE),24550,1,75,24527.19,95.0,131.65,74.46,2748.75,40.0,9.87,17.46,67.33,2681.42,TARGET_1_HIT,30031.95,38431.7,21.86
607,2026-04-24,NIFTY 50,PUT (PE),23950,1,75,23933.28,95.0,110.13,35.33,1134.75,40.0,8.26,16.5,64.76,1069.99,TARGET_1_HIT,31101.94,38431.7,19.07
608,2026-04-28,NIFTY 50,PUT (PE),24000,1,75,24024.72,95.0,117.66,49.02,1699.5,40.0,8.82,16.84,65.66,1633.84,TARGET_1_HIT,32735.78,38431.7,14.82
609,2026-04-29,NIFTY 50,PUT (PE),24150,1,75,24143.12,95.0,64.68,-54.2,-2274.0,40.0,4.85,14.49,59.34,-2333.34,STOP_LOSS_HIT,30402.44,38431.7,20.89
610,2026-04-30,NIFTY 50,CALL (CE),24000,1,75,23999.36,95.0,59.74,-57.21,-2644.5,40.0,4.48,14.26,58.74,-2703.24,STOP_LOSS_HIT,27699.2,38431.7,27.93
611,2026-05-04,NIFTY 50,PUT (PE),24100,1,75,24091.24,95.0,63.71,-56.23,-2346.75,40.0,4.78,14.44,59.22,-2405.97,STOP_LOSS_HIT,25293.23,38431.7,34.19
612,2026-05-06,NIFTY 50,CALL (CE),24250,1,75,24247.33,95.0,136.69,83.62,3126.75,40.0,10.25,17.68,67.93,3058.82,TARGET_1_HIT,28352.05,38431.7,26.23
613,2026-05-12,NIFTY 50,PUT (PE),23450,1,75,23473.24,95.0,142.23,93.69,3542.25,40.0,10.67,17.93,68.6,3473.65,TARGET_1_HIT,31825.7,38431.7,17.19
614,2026-05-13,NIFTY 50,PUT (PE),23350,1,75,23359.87,95.0,60.52,-62.88,-2586.0,40.0,4.54,14.3,58.84,-2644.84,STOP_LOSS_HIT,29180.86,38431.7,24.07
615,2026-05-14,NIFTY 50,CALL (CE),23650,1,75,23670.5,95.0,125.3,69.27,2272.5,40.0,9.4,17.18,66.58,2205.92,TARGET_1_HIT,31386.78,38431.7,18.33
616,2026-05-15,NIFTY 50,PUT (PE),23700,1,75,23679.29,95.0,68.85,-45.51,-1961.25,40.0,5.16,14.67,59.83,-2021.08,STOP_LOSS_HIT,29365.7,38431.7,23.59
617,2026-05-18,NIFTY 50,CALL (CE),23600,1,75,23580.3,95.0,55.22,-73.92,-2983.5,40.0,4.14,14.06,58.2,-3041.7,STOP_LOSS_HIT,26324.0,38431.7,31.5
618,2026-05-20,NIFTY 50,CALL (CE),23600,1,75,23601.88,95.0,62.97,-57.78,-2402.25,40.0,4.72,14.41,59.13,-2461.38,STOP_LOSS_HIT,23862.62,38431.7,37.91
619,2026-05-21,NIFTY 50,PUT (PE),23700,1,75,23676.22,95.0,62.23,-52.03,-2457.75,40.0,4.67,14.38,59.05,-2516.8,STOP_LOSS_HIT,21345.82,38431.7,44.46
620,2026-05-26,NIFTY 50,PUT (PE),23950,1,75,23946.8,95.0,71.1,-40.83,-1792.5,40.0,5.33,14.77,60.1,-1852.6,STOP_LOSS_HIT,19493.22,38431.7,49.28
621,2026-05-29,NIFTY 50,PUT (PE),23650,1,75,23643.35,95.0,143.28,95.6,3621.0,40.0,10.75,17.98,68.73,3552.27,TARGET_1_HIT,23045.49,38431.7,40.04
622,2026-06-01,NIFTY 50,PUT (PE),23450,1,75,23472.43,95.0,55.47,-73.39,-2964.75,40.0,4.16,14.08,58.24,-3022.99,STOP_LOSS_HIT,20022.5,38431.7,47.9
623,2026-06-02,NIFTY 50,CALL (CE),23450,1,75,23457.33,95.0,59.85,-64.28,-2636.25,40.0,4.49,14.28,58.77,-2695.02,STOP_LOSS_HIT,17327.48,38431.7,54.91
624,2026-06-03,NIFTY 50,CALL (CE),23350,1,75,23366.12,95.0,61.64,-60.54,-2502.0,40.0,4.62,14.35,58.97,-2560.97,STOP_LOSS_HIT,14766.51,38431.7,61.58
625,2026-06-04,NIFTY 50,CALL (CE),23400,1,75,23399.72,95.0,66.36,-43.42,-2148.0,40.0,4.98,14.56,59.54,-2207.54,STOP_LOSS_HIT,12558.97,38431.7,67.32
626,2026-06-05,NIFTY 50,PUT (PE),23350,1,75,23353.1,95.0,126.8,65.64,2385.0,40.0,9.51,17.25,66.76,2318.24,TARGET_1_HIT,14877.21,38431.7,61.29
627,2026-06-08,NIFTY 50,PUT (PE),23150,1,75,23129.27,95.0,94.15,6.27,-63.75,40.0,7.06,15.79,62.85,-126.6,TARGET_1_HIT,14750.61,38431.7,61.62
628,2026-06-10,NIFTY 50,PUT (PE),23250,1,75,23257.23,95.0,67.78,-47.74,-2041.5,40.0,5.08,14.62,59.7,-2101.2,STOP_LOSS_HIT,12649.41,38431.7,67.09
629,2026-06-11,NIFTY 50,PUT (PE),23150,1,75,23149.22,95.0,100.75,24.63,431.25,40.0,7.56,16.08,63.64,367.61,TARGET_1_HIT,13017.02,38431.7,66.13
630,2026-06-12,NIFTY 50,CALL (CE),23550,1,75,23544.6,95.0,133.77,78.3,2907.75,40.0,10.03,17.55,67.58,2840.17,TARGET_1_HIT,15857.19,38431.7,58.74
631,2026-06-23,NIFTY 50,PUT (PE),23900,1,75,23891.62,95.0,127.84,67.52,2463.0,40.0,9.59,17.29,66.88,2396.12,TARGET_1_HIT,18253.31,38431.7,52.5
632,2026-06-24,NIFTY 50,CALL (CE),24000,1,75,23998.8,95.0,115.97,45.95,1572.75,40.0,8.7,16.76,65.46,1507.29,TARGET_1_HIT,19760.6,38431.7,48.58
633,2026-06-25,NIFTY 50,PUT (PE),24100,1,75,24106.01,95.0,65.94,-44.29,-2179.5,40.0,4.95,14.55,59.5,-2239.0,STOP_LOSS_HIT,17521.6,38431.7,54.41
634,2026-06-30,NIFTY 50,PUT (PE),23900,1,75,23891.17,95.0,104.68,25.42,726.0,40.0,7.85,16.26,64.11,661.89,TARGET_1_HIT,18183.49,38431.7,52.69
635,2026-07-08,NIFTY 50,PUT (PE),23950,1,75,23956.59,95.0,131.7,74.54,2752.5,40.0,9.88,17.46,67.34,2685.16,TARGET_1_HIT,20868.65,38431.7,45.7
636,2026-07-09,NIFTY 50,PUT (PE),24000,1,75,23988.49,95.0,67.18,-41.71,-2086.5,40.0,5.04,14.59,59.63,-2146.13,STOP_LOSS_HIT,18722.52,38431.7,51.28
637,2026-07-13,NIFTY 50,CALL (CE),24200,1,75,24181.32,95.0,128.53,68.79,2514.75,40.0,9.64,17.32,66.96,2447.79,TARGET_1_HIT,21170.31,38431.7,44.91
638,2026-07-15,NIFTY 50,PUT (PE),24050,1,75,24073.59,95.0,70.61,-41.86,-1829.25,40.0,5.3,14.75,60.05,-1889.3,STOP_LOSS_HIT,19281.01,38431.7,49.83
639,2026-07-17,NIFTY 50,CALL (CE),24300,1,75,24286.14,95.0,117.19,48.16,1664.25,40.0,8.79,16.82,65.61,1598.64,TARGET_1_HIT,20879.65,38431.7,45.67
640,2026-07-22,NIFTY 50,PUT (PE),24000,1,75,24022.92,95.0,105.37,26.67,777.75,40.0,7.9,16.29,64.19,713.56,TARGET_1_HIT,21593.21,38431.7,43.81
641,2026-07-24,NIFTY 50,CALL (CE),23750,1,75,23758.24,95.0,69.92,-43.29,-1881.0,40.0,5.24,14.71,59.95,-1940.95,STOP_LOSS_HIT,19652.26,38431.7,48.86
642,2026-08-03,NIFTY 50,CALL (CE),24700,1,75,24695.96,95.0,133.79,78.34,2909.25,40.0,10.03,17.55,67.58,2841.67,TARGET_1_HIT,22493.93,38431.7,41.47
643,2026-08-04,NIFTY 50,CALL (CE),24600,1,75,24620.36,95.0,64.57,-54.44,-2282.25,40.0,4.84,14.48,59.32,-2341.57,STOP_LOSS_HIT,20152.36,38431.7,47.56
644,2026-08-12,NIFTY 50,CALL (CE),24400,1,75,24411.02,95.0,70.83,-41.4,-1812.75,40.0,5.31,14.76,60.07,-1872.82,STOP_LOSS_HIT,18279.54,38431.7,52.44
645,2026-08-25,NIFTY 50,CALL (CE),24250,1,75,24268.63,95.0,126.96,65.92,2397.0,40.0,9.52,17.25,66.77,2330.23,TARGET_1_HIT,20609.77,38431.7,46.37
646,2026-08-27,NIFTY 50,PUT (PE),24150,1,75,24152.9,95.0,121.33,62.05,1974.75,40.0,9.1,17.0,66.1,1908.65,TARGET_1_HIT,22518.42,38431.7,41.41
647,2026-09-11,NIFTY 50,CALL (CE),23400,1,75,23382.92,95.0,69.98,-43.17,-1876.5,40.0,5.25,14.72,59.97,-1936.47,STOP_LOSS_HIT,20581.95,38431.7,46.45
648,2026-09-15,NIFTY 50,PUT (PE),23250,1,75,23263.62,95.0,170.46,145.02,5659.5,40.0,12.78,19.17,71.95,5587.55,TARGET_1_HIT,26169.5,38431.7,31.91
649,2026-09-22,NIFTY 50,PUT (PE),23350,1,75,23346.76,95.0,100.47,17.76,410.25,40.0,7.54,16.07,63.61,346.64,TARGET_1_HIT,26516.14,38431.7,31.0
650,2026-09-24,NIFTY 50,PUT (PE),23100,1,75,23117.25,95.0,116.98,54.15,1648.5,40.0,8.77,16.81,65.58,1582.92,TARGET_1_HIT,28099.06,38431.7,26.89
651,2026-09-28,NIFTY 50,PUT (PE),22850,1,75,22858.79,95.0,133.9,78.54,2917.5,40.0,10.04,17.56,67.6,2849.9,TARGET_1_HIT,30948.96,38431.7,19.47
652,2026-09-30,NIFTY 50,PUT (PE),22650,1,75,22659.59,95.0,120.09,53.44,1881.75,40.0,9.01,16.95,65.96,1815.79,TARGET_1_HIT,32764.75,38431.7,14.75
653,2026-10-01,NIFTY 50,CALL (CE),22500,1,75,22490.68,95.0,50.37,-76.73,-3347.25,40.0,3.78,13.85,57.63,-3404.88,STOP_LOSS_HIT,29359.87,38431.7,23.61
654,2026-10-05,NIFTY 50,CALL (CE),22550,1,75,22554.14,95.0,124.69,61.8,2226.75,40.0,9.35,17.15,66.5,2160.25,TARGET_1_HIT,31520.12,38431.7,17.98
655,2026-10-06,NIFTY 50,CALL (CE),22700,1,75,22711.6,95.0,126.17,64.5,2337.75,40.0,9.46,17.21,66.67,2271.08,TARGET_1_HIT,33791.2,38431.7,12.07
